location,direction_group,final_plot_group,sea_state_bin,video_stem,group_by,n_json_files,n_usable_curves,n_baseline_samples,baseline_mode,baseline_source,baseline_x,baseline_coordinate_min,baseline_coordinate_max,curve_boxplot_variance,central_band_area,central_band_percent,outlier_count,plot_path,timestamp,direction_degrees,H,T,sea_state,bin_min,bin_max,bin_count,candidate_rank,matched_timestamp_utc,match_delta_minutes,sea_state_for_plot,curves_csv,shoreline_variance,variance_window_position,variance_target_coordinate,variance_center_y,variance_window_y_min,variance_window_y_max,variance_window_samples,variance_curve_count,variance_finite_curve_count,included_in_correlation,cleanup_reason
seabright,offshore,offshore,1,walton_lighthouse-2025-12-30_223847Z,clip,2802,2802,186,polyline,C:\Users\monaz\Documents\GitHub\sam2_realtime\save_predict\shoreline_jsons\baseline\walton_lighthouse-2025-03-19_000451Z_000002.json,,253.22221786936225,886.2777625427678,897.4992167797038,58786.129347065165,90.0,0,C:\Users\monaz\Documents\GitHub\sam2_realtime\save_predict\shoreline_jsons\curve_boxplot_outputs_per_clip\seabright_updated_baseline\offshore\bin_1\walton_lighthouse-2025-12-30_223847Z\curve_boxplot.png,2025-12-30 12:56:00,307.0,0.74,8.33,4.561508,1.5826999999999998,6.375625,178,1,2025-12-30T22:38:47Z,582.78,4.561508,C:\Users\monaz\Documents\GitHub\sam2_realtime\save_predict\shoreline_jsons\curve_boxplot_outputs_per_clip\seabright_updated_baseline\offshore\bin_1\walton_lighthouse-2025-12-30_223847Z\curves.csv,739.4196286076929,coordinate,700.0,701.0,701.0,701.0,1,2802,2801,True,
seabright,offshore,offshore,10,walton_lighthouse-2025-03-30_185626Z,clip,659,659,186,polyline,C:\Users\monaz\Documents\GitHub\sam2_realtime\save_predict\shoreline_jsons\baseline\walton_lighthouse-2025-03-19_000451Z_000002.json,,253.22221786936225,886.2777625427678,1379.1336502825743,90401.07514749534,90.0,4,C:\Users\monaz\Documents\GitHub\sam2_realtime\save_predict\shoreline_jsons\curve_boxplot_outputs_per_clip\seabright_updated_baseline\offshore\bin_10\walton_lighthouse-2025-03-30_185626Z\curve_boxplot.png,2025-03-30 07:56:00,301.0,1.82,11.76,38.953824,34.445,137.54966399999998,178,1,2025-03-30T18:56:26Z,660.43,38.953824,C:\Users\monaz\Documents\GitHub\sam2_realtime\save_predict\shoreline_jsons\curve_boxplot_outputs_per_clip\seabright_updated_baseline\offshore\bin_10\walton_lighthouse-2025-03-30_185626Z\curves.csv,2240.853207071669,coordinate,700.0,701.0,701.0,701.0,1,659,637,True,
seabright,offshore,offshore,2,walton_lighthouse-2025-08-02_192111Z,clip,895,895,186,polyline,C:\Users\monaz\Documents\GitHub\sam2_realtime\save_predict\shoreline_jsons\baseline\walton_lighthouse-2025-03-19_000451Z_000002.json,,253.22221786936225,886.2777625427678,487.8658904076704,49862.35166710051,90.0,3,C:\Users\monaz\Documents\GitHub\sam2_realtime\save_predict\shoreline_jsons\curve_boxplot_outputs_per_clip\seabright_updated_baseline\offshore\bin_2\walton_lighthouse-2025-08-02_192111Z\curve_boxplot.png,2025-08-02 19:26:00,306.0,1.0,7.14,7.14,6.375625,8.666532,178,1,2025-08-02T19:21:11Z,-4.82,7.14,C:\Users\monaz\Documents\GitHub\sam2_realtime\save_predict\shoreline_jsons\curve_boxplot_outputs_per_clip\seabright_updated_baseline\offshore\bin_2\walton_lighthouse-2025-08-02_192111Z\curves.csv,857.2175989104118,coordinate,700.0,701.0,701.0,701.0,1,895,894,True,
seabright,offshore,offshore,2,walton_lighthouse-2025-08-21_140202Z,clip,126,126,186,polyline,C:\Users\monaz\Documents\GitHub\sam2_realtime\save_predict\shoreline_jsons\baseline\walton_lighthouse-2025-03-19_000451Z_000002.json,,253.22221786936225,886.2777625427678,196.03870386853052,23780.558616163555,90.0,0,C:\Users\monaz\Documents\GitHub\sam2_realtime\save_predict\shoreline_jsons\curve_boxplot_outputs_per_clip\seabright_updated_baseline\offshore\bin_2\walton_lighthouse-2025-08-21_140202Z\curve_boxplot.png,2025-08-21 13:56:00,301.0,1.06,7.14,8.022504000000001,6.375625,8.666532,178,2,2025-08-21T14:02:02Z,6.03,8.022504000000001,C:\Users\monaz\Documents\GitHub\sam2_realtime\save_predict\shoreline_jsons\curve_boxplot_outputs_per_clip\seabright_updated_baseline\offshore\bin_2\walton_lighthouse-2025-08-21_140202Z\curves.csv,286.8620870977145,coordinate,700.0,701.0,701.0,701.0,1,126,126,True,
seabright,offshore,offshore,3,walton_lighthouse-2025-04-19_140218Z,clip,2968,2968,186,polyline,C:\Users\monaz\Documents\GitHub\sam2_realtime\save_predict\shoreline_jsons\baseline\walton_lighthouse-2025-03-19_000451Z_000002.json,,253.22221786936225,886.2777625427678,1452.1151283526212,105934.73036434912,90.0,0,C:\Users\monaz\Documents\GitHub\sam2_realtime\save_predict\shoreline_jsons\curve_boxplot_outputs_per_clip\seabright_updated_baseline\offshore\bin_3\walton_lighthouse-2025-04-19_140218Z\curve_boxplot.png,2025-04-19 13:56:00,300.0,1.04,9.09,9.831744,8.666532,10.320453,177,2,2025-04-19T14:02:18Z,6.3,9.831744,C:\Users\monaz\Documents\GitHub\sam2_realtime\save_predict\shoreline_jsons\curve_boxplot_outputs_per_clip\seabright_updated_baseline\offshore\bin_3\walton_lighthouse-2025-04-19_140218Z\curves.csv,1986.366352772945,coordinate,700.0,701.0,701.0,701.0,1,2968,2966,True,
seabright,offshore,offshore,3,walton_lighthouse-2025-08-18_202214Z,clip,925,924,186,polyline,C:\Users\monaz\Documents\GitHub\sam2_realtime\save_predict\shoreline_jsons\baseline\walton_lighthouse-2025-03-19_000451Z_000002.json,,253.22221786936225,886.2777625427678,290.90771375992085,113276.56791124292,90.0,0,C:\Users\monaz\Documents\GitHub\sam2_realtime\save_predict\shoreline_jsons\curve_boxplot_outputs_per_clip\seabright_updated_baseline\offshore\bin_3\walton_lighthouse-2025-08-18_202214Z\curve_boxplot.png,2025-08-18 20:26:00,304.0,0.97,9.88,9.296092,8.666532,10.320453,177,1,2025-08-18T20:22:14Z,-3.77,9.296092,C:\Users\monaz\Documents\GitHub\sam2_realtime\save_predict\shoreline_jsons\curve_boxplot_outputs_per_clip\seabright_updated_baseline\offshore\bin_3\walton_lighthouse-2025-08-18_202214Z\curves.csv,316.94505333169707,coordinate,700.0,701.0,701.0,701.0,1,924,921,True,
seabright,offshore,offshore,4,walton_lighthouse-2025-09-25_140202Z,clip,2999,2999,186,polyline,C:\Users\monaz\Documents\GitHub\sam2_realtime\save_predict\shoreline_jsons\baseline\walton_lighthouse-2025-03-19_000451Z_000002.json,,253.22221786936225,886.2777625427678,53.36018176607678,21934.744285321227,90.0,0,C:\Users\monaz\Documents\GitHub\sam2_realtime\save_predict\shoreline_jsons\curve_boxplot_outputs_per_clip\seabright_updated_baseline\offshore\bin_4\walton_lighthouse-2025-09-25_140202Z\curve_boxplot.png,2025-09-25 05:26:00,301.0,0.99,11.11,10.888910999999998,10.320453,12.510693000000002,178,1,2025-09-25T14:02:02Z,516.03,10.888910999999998,C:\Users\monaz\Documents\GitHub\sam2_realtime\save_predict\shoreline_jsons\curve_boxplot_outputs_per_clip\seabright_updated_baseline\offshore\bin_4\walton_lighthouse-2025-09-25_140202Z\curves.csv,71.74656679551553,coordinate,700.0,701.0,701.0,701.0,1,2999,2999,True,
seabright,offshore,offshore,4,walton_lighthouse-2025-10-11_141011Z,clip,976,976,186,polyline,C:\Users\monaz\Documents\GitHub\sam2_realtime\save_predict\shoreline_jsons\baseline\walton_lighthouse-2025-03-19_000451Z_000002.json,,253.22221786936225,886.2777625427678,274.69258616275346,41614.91789059039,90.0,0,C:\Users\monaz\Documents\GitHub\sam2_realtime\save_predict\shoreline_jsons\curve_boxplot_outputs_per_clip\seabright_updated_baseline\offshore\bin_4\walton_lighthouse-2025-10-11_141011Z\curve_boxplot.png,2025-10-11 10:56:00,301.0,1.09,9.88,11.738428000000004,10.320453,12.510693000000002,178,2,2025-10-11T14:10:11Z,194.18,11.738428000000004,C:\Users\monaz\Documents\GitHub\sam2_realtime\save_predict\shoreline_jsons\curve_boxplot_outputs_per_clip\seabright_updated_baseline\offshore\bin_4\walton_lighthouse-2025-10-11_141011Z\curves.csv,395.66121019223266,coordinate,700.0,701.0,701.0,701.0,1,976,976,True,
seabright,offshore,offshore,5,walton_lighthouse-2025-10-09_014037Z,clip,116,116,186,polyline,C:\Users\monaz\Documents\GitHub\sam2_realtime\save_predict\shoreline_jsons\baseline\walton_lighthouse-2025-03-19_000451Z_000002.json,,253.22221786936225,886.2777625427678,22.737622565323463,7887.11042055067,90.0,0,C:\Users\monaz\Documents\GitHub\sam2_realtime\save_predict\shoreline_jsons\curve_boxplot_outputs_per_clip\seabright_updated_baseline\offshore\bin_5\walton_lighthouse-2025-10-09_014037Z\curve_boxplot.png,2025-10-09 03:56:00,301.0,1.0,13.33,13.33,12.599296,14.911533,177,1,2025-10-09T01:40:37Z,-135.38,13.33,C:\Users\monaz\Documents\GitHub\sam2_realtime\save_predict\shoreline_jsons\curve_boxplot_outputs_per_clip\seabright_updated_baseline\offshore\bin_5\walton_lighthouse-2025-10-09_014037Z\curves.csv,49.714056669803064,coordinate,700.0,701.0,701.0,701.0,1,116,116,True,
seabright,offshore,offshore,6,walton_lighthouse-2025-05-17_140217Z,clip,2964,2964,186,polyline,C:\Users\monaz\Documents\GitHub\sam2_realtime\save_predict\shoreline_jsons\baseline\walton_lighthouse-2025-03-19_000451Z_000002.json,,253.22221786936225,886.2777625427678,453.8547395472348,121497.34459675263,90.0,0,C:\Users\monaz\Documents\GitHub\sam2_realtime\save_predict\shoreline_jsons\curve_boxplot_outputs_per_clip\seabright_updated_baseline\offshore\bin_6\walton_lighthouse-2025-05-17_140217Z\curve_boxplot.png,2025-05-17 08:26:00,303.0,1.38,8.33,15.863651999999997,14.947452,18.071829,178,1,2025-05-17T14:02:17Z,336.28,15.863651999999997,C:\Users\monaz\Documents\GitHub\sam2_realtime\save_predict\shoreline_jsons\curve_boxplot_outputs_per_clip\seabright_updated_baseline\offshore\bin_6\walton_lighthouse-2025-05-17_140217Z\curves.csv,573.8378125544326,coordinate,700.0,701.0,701.0,701.0,1,2964,2962,True,
seabright,offshore,offshore,6,walton_lighthouse-2025-08-15_172654Z,clip,100,100,186,polyline,C:\Users\monaz\Documents\GitHub\sam2_realtime\save_predict\shoreline_jsons\baseline\walton_lighthouse-2025-03-19_000451Z_000002.json,,253.22221786936225,886.2777625427678,385.54489882800135,32875.91112581843,90.0,0,C:\Users\monaz\Documents\GitHub\sam2_realtime\save_predict\shoreline_jsons\curve_boxplot_outputs_per_clip\seabright_updated_baseline\offshore\bin_6\walton_lighthouse-2025-08-15_172654Z\curve_boxplot.png,2025-08-15 17:26:00,308.0,1.48,7.69,16.844176,14.947452,18.071829,178,2,2025-08-15T17:26:54Z,0.9,16.844176,C:\Users\monaz\Documents\GitHub\sam2_realtime\save_predict\shoreline_jsons\curve_boxplot_outputs_per_clip\seabright_updated_baseline\offshore\bin_6\walton_lighthouse-2025-08-15_172654Z\curves.csv,562.9393394972479,coordinate,700.0,701.0,701.0,701.0,1,100,100,True,
seabright,offshore,offshore,9,walton_lighthouse-2025-04-22_002121Z,clip,2749,2748,186,polyline,C:\Users\monaz\Documents\GitHub\sam2_realtime\save_predict\shoreline_jsons\baseline\walton_lighthouse-2025-03-19_000451Z_000002.json,,253.22221786936225,886.2777625427678,1670.669867419025,114552.9468072766,90.0,0,C:\Users\monaz\Documents\GitHub\sam2_realtime\save_predict\shoreline_jsons\curve_boxplot_outputs_per_clip\seabright_updated_baseline\offshore\bin_9\walton_lighthouse-2025-04-22_002121Z\curve_boxplot.png,2025-04-22 00:26:00,303.0,1.66,10.53,29.016468,26.891856,34.445,177,1,2025-04-22T00:21:21Z,-4.65,29.016468,C:\Users\monaz\Documents\GitHub\sam2_realtime\save_predict\shoreline_jsons\curve_boxplot_outputs_per_clip\seabright_updated_baseline\offshore\bin_9\walton_lighthouse-2025-04-22_002121Z\curves.csv,2043.7404772093705,coordinate,700.0,701.0,701.0,701.0,1,2748,2713,True,
seabright,offshore,offshore,9,walton_lighthouse-2025-05-08_212105Z,clip,2048,2048,186,polyline,C:\Users\monaz\Documents\GitHub\sam2_realtime\save_predict\shoreline_jsons\baseline\walton_lighthouse-2025-03-19_000451Z_000002.json,,253.22221786936225,886.2777625427678,992.2706332742338,118697.99415298871,90.0,0,C:\Users\monaz\Documents\GitHub\sam2_realtime\save_predict\shoreline_jsons\curve_boxplot_outputs_per_clip\seabright_updated_baseline\offshore\bin_9\walton_lighthouse-2025-05-08_212105Z\curve_boxplot.png,2025-05-08 21:26:00,300.0,1.58,12.5,31.205000000000005,26.891856,34.445,177,2,2025-05-08T21:21:05Z,-4.92,31.205000000000005,C:\Users\monaz\Documents\GitHub\sam2_realtime\save_predict\shoreline_jsons\curve_boxplot_outputs_per_clip\seabright_updated_baseline\offshore\bin_9\walton_lighthouse-2025-05-08_212105Z\curves.csv,1265.9794933036071,coordinate,700.0,701.0,701.0,701.0,1,2048,2042,True,
seabright,south_easterly_onshore,onshore,10,walton_lighthouse-2025-02-06_212427Z,clip,833,833,186,polyline,C:\Users\monaz\Documents\GitHub\sam2_realtime\save_predict\shoreline_jsons\baseline\walton_lighthouse-2025-03-19_000451Z_000002.json,,253.22221786936225,886.2777625427678,5234.378905360289,188988.02839932824,90.0,0,C:\Users\monaz\Documents\GitHub\sam2_realtime\save_predict\shoreline_jsons\curve_boxplot_outputs_per_clip\seabright_updated_baseline\south_easterly_onshore\bin_10\walton_lighthouse-2025-02-06_212427Z\curve_boxplot.png,2025-02-06 21:26:00,204.0,2.22,6.67,32.872428000000006,29.695507,63.341761000000005,28,1,2025-02-06T21:24:27Z,0.0,32.872428000000006,C:\Users\monaz\Documents\GitHub\sam2_realtime\save_predict\shoreline_jsons\curve_boxplot_outputs_per_clip\seabright_updated_baseline\south_easterly_onshore\bin_10\walton_lighthouse-2025-02-06_212427Z\curves.csv,5317.158395283472,coordinate,700.0,701.0,701.0,701.0,1,833,429,True,
seabright,south_easterly_onshore,onshore,10,walton_lighthouse-2025-02-06_222129Z,clip,602,601,181,polyline,C:\Users\monaz\Documents\GitHub\sam2_realtime\save_predict\shoreline_jsons\baseline\walton_lighthouse-2025-03-19_000451Z_000002.json,,253.22221786936225,869.1681532272704,3419.9592258229645,135489.0903707331,90.0,0,C:\Users\monaz\Documents\GitHub\sam2_realtime\save_predict\shoreline_jsons\curve_boxplot_outputs_per_clip\seabright_updated_baseline\south_easterly_onshore\bin_10\walton_lighthouse-2025-02-06_222129Z\curve_boxplot.png,2025-02-06 22:26:00,204.0,2.3,6.25,33.06249999999999,29.695507,63.341761000000005,28,2,2025-02-06T22:21:29Z,0.0,33.06249999999999,C:\Users\monaz\Documents\GitHub\sam2_realtime\save_predict\shoreline_jsons\curve_boxplot_outputs_per_clip\seabright_updated_baseline\south_easterly_onshore\bin_10\walton_lighthouse-2025-02-06_222129Z\curves.csv,2317.1481973517193,coordinate,700.0,701.0,701.0,701.0,1,601,516,True,
seabright,south_easterly_onshore,onshore,2,walton_lighthouse-2025-07-26_195218Z,clip,875,872,186,polyline,C:\Users\monaz\Documents\GitHub\sam2_realtime\save_predict\shoreline_jsons\baseline\walton_lighthouse-2025-03-19_000451Z_000002.json,,253.22221786936225,886.2777625427678,946.9348570386536,278100.76420650864,90.0,0,C:\Users\monaz\Documents\GitHub\sam2_realtime\save_predict\shoreline_jsons\curve_boxplot_outputs_per_clip\seabright_updated_baseline\south_easterly_onshore\bin_2\walton_lighthouse-2025-07-26_195218Z\curve_boxplot.png,2025-07-26 19:56:00,206.0,0.61,14.29,5.317309,4.996962,5.940500000000001,27,2,2025-07-26T19:52:18Z,0.0,5.317309,C:\Users\monaz\Documents\GitHub\sam2_realtime\save_predict\shoreline_jsons\curve_boxplot_outputs_per_clip\seabright_updated_baseline\south_easterly_onshore\bin_2\walton_lighthouse-2025-07-26_195218Z\curves.csv,1077.7472126118346,coordinate,700.0,701.0,701.0,701.0,1,872,856,True,
seabright,south_easterly_onshore,onshore,4,walton_lighthouse-2025-07-21_225904Z,clip,301,301,186,polyline,C:\Users\monaz\Documents\GitHub\sam2_realtime\save_predict\shoreline_jsons\baseline\walton_lighthouse-2025-03-19_000451Z_000002.json,,253.22221786936225,886.2777625427678,1186.0898472078443,185629.34908865576,90.0,0,C:\Users\monaz\Documents\GitHub\sam2_realtime\save_predict\shoreline_jsons\curve_boxplot_outputs_per_clip\seabright_updated_baseline\south_easterly_onshore\bin_4\walton_lighthouse-2025-07-21_225904Z\curve_boxplot.png,2025-07-21 22:56:00,203.0,0.77,13.33,7.903357,7.103557,8.044400000000001,27,1,2025-07-21T22:59:04Z,0.0,7.903357,C:\Users\monaz\Documents\GitHub\sam2_realtime\save_predict\shoreline_jsons\curve_boxplot_outputs_per_clip\seabright_updated_baseline\south_easterly_onshore\bin_4\walton_lighthouse-2025-07-21_225904Z\curves.csv,856.5208703329841,coordinate,700.0,701.0,701.0,701.0,1,301,293,True,
seabright,south_easterly_onshore,onshore,4,walton_lighthouse-2025-07-24_182028Z,clip,726,726,186,polyline,C:\Users\monaz\Documents\GitHub\sam2_realtime\save_predict\shoreline_jsons\baseline\walton_lighthouse-2025-03-19_000451Z_000002.json,,253.22221786936225,886.2777625427678,927.053436890575,138838.59203930787,90.0,0,C:\Users\monaz\Documents\GitHub\sam2_realtime\save_predict\shoreline_jsons\curve_boxplot_outputs_per_clip\seabright_updated_baseline\south_easterly_onshore\bin_4\walton_lighthouse-2025-07-24_182028Z\curve_boxplot.png,2025-07-24 18:26:00,208.0,0.71,14.29,7.203588999999999,7.103557,8.044400000000001,27,2,2025-07-24T18:20:28Z,0.0,7.203588999999999,C:\Users\monaz\Documents\GitHub\sam2_realtime\save_predict\shoreline_jsons\curve_boxplot_outputs_per_clip\seabright_updated_baseline\south_easterly_onshore\bin_4\walton_lighthouse-2025-07-24_182028Z\curves.csv,1015.061575945888,coordinate,700.0,701.0,701.0,701.0,1,726,721,True,
seabright,south_easterly_onshore,onshore,5,walton_lighthouse-2025-11-13_002142Z,clip,1381,1381,186,polyline,C:\Users\monaz\Documents\GitHub\sam2_realtime\save_predict\shoreline_jsons\baseline\walton_lighthouse-2025-03-19_000451Z_000002.json,,253.22221786936225,886.2777625427678,1072.4635535925158,195016.0329009118,90.0,1,C:\Users\monaz\Documents\GitHub\sam2_realtime\save_predict\shoreline_jsons\curve_boxplot_outputs_per_clip\seabright_updated_baseline\south_easterly_onshore\bin_5\walton_lighthouse-2025-11-13_002142Z\curve_boxplot.png,2025-11-13 00:26:00,203.0,1.31,4.76,8.168636000000001,8.109972,9.598658000000002,27,2,2025-11-13T00:21:42Z,0.0,8.168636000000001,C:\Users\monaz\Documents\GitHub\sam2_realtime\save_predict\shoreline_jsons\curve_boxplot_outputs_per_clip\seabright_updated_baseline\south_easterly_onshore\bin_5\walton_lighthouse-2025-11-13_002142Z\curves.csv,2229.2740799713706,coordinate,700.0,701.0,701.0,701.0,1,1381,1371,True,
seabright,south_easterly_onshore,onshore,7,walton_lighthouse-2025-07-26_012153Z,clip,353,352,186,polyline,C:\Users\monaz\Documents\GitHub\sam2_realtime\save_predict\shoreline_jsons\baseline\walton_lighthouse-2025-03-19_000451Z_000002.json,,253.22221786936225,886.2777625427678,312.266079787554,42340.98859620812,90.0,0,C:\Users\monaz\Documents\GitHub\sam2_realtime\save_predict\shoreline_jsons\curve_boxplot_outputs_per_clip\seabright_updated_baseline\south_easterly_onshore\bin_7\walton_lighthouse-2025-07-26_012153Z\curve_boxplot.png,2025-07-26 01:26:00,193.0,0.9,14.29,11.5749,11.5749,16.056244,27,1,2025-07-26T01:21:53Z,0.0,11.5749,C:\Users\monaz\Documents\GitHub\sam2_realtime\save_predict\shoreline_jsons\curve_boxplot_outputs_per_clip\seabright_updated_baseline\south_easterly_onshore\bin_7\walton_lighthouse-2025-07-26_012153Z\curves.csv,345.03367422523047,coordinate,700.0,701.0,701.0,701.0,1,352,350,True,
seabright,south_easterly_onshore,onshore,7,walton_lighthouse-2025-11-12_222142Z,clip,1826,1826,186,polyline,C:\Users\monaz\Documents\GitHub\sam2_realtime\save_predict\shoreline_jsons\baseline\walton_lighthouse-2025-03-19_000451Z_000002.json,,253.22221786936225,886.2777625427678,912.3986339422324,229881.5702123252,90.0,2,C:\Users\monaz\Documents\GitHub\sam2_realtime\save_predict\shoreline_jsons\curve_boxplot_outputs_per_clip\seabright_updated_baseline\south_easterly_onshore\bin_7\walton_lighthouse-2025-11-12_222142Z\curve_boxplot.png,2025-11-12 22:26:00,201.0,0.94,13.33,11.778388,11.5749,16.056244,27,2,2025-11-12T22:21:42Z,0.0,11.778388,C:\Users\monaz\Documents\GitHub\sam2_realtime\save_predict\shoreline_jsons\curve_boxplot_outputs_per_clip\seabright_updated_baseline\south_easterly_onshore\bin_7\walton_lighthouse-2025-11-12_222142Z\curves.csv,547.0379818434723,coordinate,700.0,701.0,701.0,701.0,1,1826,1800,True,
seabright,south_easterly_onshore,onshore,8,walton_lighthouse-2025-06-05_215319Z,clip,1251,1251,186,polyline,C:\Users\monaz\Documents\GitHub\sam2_realtime\save_predict\shoreline_jsons\baseline\walton_lighthouse-2025-03-19_000451Z_000002.json,,253.22221786936225,886.2777625427678,3087.0151453189706,81697.35038460855,90.0,0,C:\Users\monaz\Documents\GitHub\sam2_realtime\save_predict\shoreline_jsons\curve_boxplot_outputs_per_clip\seabright_updated_baseline\south_easterly_onshore\bin_8\walton_lighthouse-2025-06-05_215319Z\curve_boxplot.png,2025-06-05 21:56:00,206.0,1.22,14.29,21.269236,16.316642,21.577804,27,2,2025-06-05T21:53:19Z,0.0,21.269236,C:\Users\monaz\Documents\GitHub\sam2_realtime\save_predict\shoreline_jsons\curve_boxplot_outputs_per_clip\seabright_updated_baseline\south_easterly_onshore\bin_8\walton_lighthouse-2025-06-05_215319Z\curves.csv,167.4558291591787,coordinate,700.0,701.0,701.0,701.0,1,1251,1092,True,
seabright,south_westerly_onshore,onshore,10,walton_lighthouse-2025-02-15_150220Z,clip,126,21,37,polyline,C:\Users\monaz\Documents\GitHub\sam2_realtime\save_predict\shoreline_jsons\baseline\walton_lighthouse-2025-03-19_000451Z_000002.json,,485.9129045601276,609.1020916317092,25.774705901946927,1833.6892545874173,90.0,0,C:\Users\monaz\Documents\GitHub\sam2_realtime\save_predict\shoreline_jsons\curve_boxplot_outputs_per_clip\seabright_updated_baseline\south_westerly_onshore\bin_10\walton_lighthouse-2025-02-15_150220Z\curve_boxplot.png,2025-02-15 10:26:00,279.0,3.25,13.33,140.798125,70.5157,454.230828,651,2,2025-02-15T15:02:20Z,276.33,140.798125,C:\Users\monaz\Documents\GitHub\sam2_realtime\save_predict\shoreline_jsons\curve_boxplot_outputs_per_clip\seabright_updated_baseline\south_westerly_onshore\bin_10\walton_lighthouse-2025-02-15_150220Z\curves.csv,0.034270827910049366,coordinate,700.0,606.0,606.0,606.0,1,21,6,True,
seabright,south_westerly_onshore,onshore,10,walton_lighthouse-2025-03-19_000451Z,clip,2989,2989,186,polyline,C:\Users\monaz\Documents\GitHub\sam2_realtime\save_predict\shoreline_jsons\baseline\walton_lighthouse-2025-03-19_000451Z_000002.json,,253.22221786936225,886.2777625427678,1015.9106483096448,100295.92419898728,90.0,0,C:\Users\monaz\Documents\GitHub\sam2_realtime\save_predict\shoreline_jsons\curve_boxplot_outputs_per_clip\seabright_updated_baseline\south_westerly_onshore\bin_10\walton_lighthouse-2025-03-19_000451Z\curve_boxplot.png,2025-03-18 23:56:00,280.0,2.72,12.5,92.48000000000002,70.5157,454.230828,651,1,2025-03-19T00:04:51Z,8.85,92.48000000000002,C:\Users\monaz\Documents\GitHub\sam2_realtime\save_predict\shoreline_jsons\curve_boxplot_outputs_per_clip\seabright_updated_baseline\south_westerly_onshore\bin_10\walton_lighthouse-2025-03-19_000451Z\curves.csv,1281.8557725026642,coordinate,700.0,701.0,701.0,701.0,1,2989,2815,True,
seabright,south_westerly_onshore,onshore,3,walton_lighthouse-2025-07-05_140202Z,clip,2777,2777,186,polyline,C:\Users\monaz\Documents\GitHub\sam2_realtime\save_predict\shoreline_jsons\baseline\walton_lighthouse-2025-03-19_000451Z_000002.json,,253.22221786936225,886.2777625427678,1202.824806690155,114617.45631480568,90.0,0,C:\Users\monaz\Documents\GitHub\sam2_realtime\save_predict\shoreline_jsons\curve_boxplot_outputs_per_clip\seabright_updated_baseline\south_westerly_onshore\bin_3\walton_lighthouse-2025-07-05_140202Z\curve_boxplot.png,2025-07-05 10:56:00,235.0,0.88,15.38,11.910272,9.630925,13.066299999999998,651,2,2025-07-05T14:02:02Z,186.03,11.910272,C:\Users\monaz\Documents\GitHub\sam2_realtime\save_predict\shoreline_jsons\curve_boxplot_outputs_per_clip\seabright_updated_baseline\south_westerly_onshore\bin_3\walton_lighthouse-2025-07-05_140202Z\curves.csv,1829.8896913818455,coordinate,700.0,701.0,701.0,701.0,1,2777,2743,True,
seabright,south_westerly_onshore,onshore,5,walton_lighthouse-2025-12-08_185857Z,clip,174,174,186,polyline,C:\Users\monaz\Documents\GitHub\sam2_realtime\save_predict\shoreline_jsons\baseline\walton_lighthouse-2025-03-19_000451Z_000002.json,,253.22221786936225,886.2777625427678,12.631569047034528,7472.938658335399,90.0,1,C:\Users\monaz\Documents\GitHub\sam2_realtime\save_predict\shoreline_jsons\curve_boxplot_outputs_per_clip\seabright_updated_baseline\south_westerly_onshore\bin_5\walton_lighthouse-2025-12-08_185857Z\curve_boxplot.png,2025-12-08 17:26:00,275.0,1.26,12.5,19.845,17.082736,21.499957,651,2,2025-12-08T18:58:57Z,92.95,19.845,C:\Users\monaz\Documents\GitHub\sam2_realtime\save_predict\shoreline_jsons\curve_boxplot_outputs_per_clip\seabright_updated_baseline\south_westerly_onshore\bin_5\walton_lighthouse-2025-12-08_185857Z\curves.csv,81.78930203038404,coordinate,700.0,701.0,701.0,701.0,1,174,174,True,
seabright,south_westerly_onshore,onshore,6,walton_lighthouse-2025-06-11_140202Z,clip,2630,2624,186,polyline,C:\Users\monaz\Documents\GitHub\sam2_realtime\save_predict\shoreline_jsons\baseline\walton_lighthouse-2025-03-19_000451Z_000002.json,,253.22221786936225,886.2777625427678,162.78768937644392,40642.69322362996,90.0,0,C:\Users\monaz\Documents\GitHub\sam2_realtime\save_predict\shoreline_jsons\curve_boxplot_outputs_per_clip\seabright_updated_baseline\south_westerly_onshore\bin_6\walton_lighthouse-2025-06-11_140202Z\curve_boxplot.png,2025-06-11 11:26:00,237.0,1.18,16.67,23.211308,21.499957,27.01125,651,1,2025-06-11T14:02:02Z,156.03,23.211308,C:\Users\monaz\Documents\GitHub\sam2_realtime\save_predict\shoreline_jsons\curve_boxplot_outputs_per_clip\seabright_updated_baseline\south_westerly_onshore\bin_6\walton_lighthouse-2025-06-11_140202Z\curves.csv,268.7200714663517,coordinate,700.0,701.0,701.0,701.0,1,2624,2624,True,
seabright,south_westerly_onshore,onshore,7,walton_lighthouse-2025-02-06_212427Z,clip,712,712,156,polyline,C:\Users\monaz\Documents\GitHub\sam2_realtime\save_predict\shoreline_jsons\baseline\walton_lighthouse-2025-03-19_000451Z_000002.json,,253.22221786936225,783.6201066497832,769.9643472738452,68642.17243952685,90.0,14,C:\Users\monaz\Documents\GitHub\sam2_realtime\save_predict\shoreline_jsons\curve_boxplot_outputs_per_clip\seabright_updated_baseline\south_westerly_onshore\bin_7\walton_lighthouse-2025-02-06_212427Z\curve_boxplot.png,2025-02-06 21:26:00,204.0,2.22,6.67,32.872428000000006,27.01125,36.126549,651,2,2025-02-06T21:24:27Z,-1.55,32.872428000000006,C:\Users\monaz\Documents\GitHub\sam2_realtime\save_predict\shoreline_jsons\curve_boxplot_outputs_per_clip\seabright_updated_baseline\south_westerly_onshore\bin_7\walton_lighthouse-2025-02-06_212427Z\curves.csv,1100.1543916365274,coordinate,700.0,701.0,701.0,701.0,1,712,181,True,
seabright,south_westerly_onshore,onshore,7,walton_lighthouse-2025-04-01_140221Z,clip,1453,1452,180,polyline,C:\Users\monaz\Documents\GitHub\sam2_realtime\save_predict\shoreline_jsons\baseline\walton_lighthouse-2025-03-19_000451Z_000002.json,,253.22221786936225,865.746231364171,641.5280390372203,103840.1377764266,90.0,0,C:\Users\monaz\Documents\GitHub\sam2_realtime\save_predict\shoreline_jsons\curve_boxplot_outputs_per_clip\seabright_updated_baseline\south_westerly_onshore\bin_7\walton_lighthouse-2025-04-01_140221Z\curve_boxplot.png,2025-04-01 08:26:00,275.0,1.8,9.09,29.451600000000003,27.01125,36.126549,651,1,2025-04-01T14:02:21Z,336.35,29.451600000000003,C:\Users\monaz\Documents\GitHub\sam2_realtime\save_predict\shoreline_jsons\curve_boxplot_outputs_per_clip\seabright_updated_baseline\south_westerly_onshore\bin_7\walton_lighthouse-2025-04-01_140221Z\curves.csv,1463.8705006708603,coordinate,700.0,701.0,701.0,701.0,1,1452,1414,True,
seabright,south_westerly_onshore,onshore,8,walton_lighthouse-2025-02-23_152214Z,clip,1350,1350,186,polyline,C:\Users\monaz\Documents\GitHub\sam2_realtime\save_predict\shoreline_jsons\baseline\walton_lighthouse-2025-03-19_000451Z_000002.json,,253.22221786936225,886.2777625427678,209.92277989855427,78998.23326503494,90.0,0,C:\Users\monaz\Documents\GitHub\sam2_realtime\save_predict\shoreline_jsons\curve_boxplot_outputs_per_clip\seabright_updated_baseline\south_westerly_onshore\bin_8\walton_lighthouse-2025-02-23_152214Z\curve_boxplot.png,2025-02-23 15:26:00,277.0,1.73,13.33,39.895357,36.126549,48.51125,651,1,2025-02-23T15:22:14Z,-3.77,39.895357,C:\Users\monaz\Documents\GitHub\sam2_realtime\save_predict\shoreline_jsons\curve_boxplot_outputs_per_clip\seabright_updated_baseline\south_westerly_onshore\bin_8\walton_lighthouse-2025-02-23_152214Z\curves.csv,482.3891631628697,coordinate,700.0,701.0,701.0,701.0,1,1350,1332,True,
seabright,south_westerly_onshore,onshore,8,walton_lighthouse-2025-03-10_160308Z,clip,2263,2263,186,polyline,C:\Users\monaz\Documents\GitHub\sam2_realtime\save_predict\shoreline_jsons\baseline\walton_lighthouse-2025-03-19_000451Z_000002.json,,253.22221786936225,886.2777625427678,1588.0183151407564,108363.24637730268,90.0,0,C:\Users\monaz\Documents\GitHub\sam2_realtime\save_predict\shoreline_jsons\curve_boxplot_outputs_per_clip\seabright_updated_baseline\south_westerly_onshore\bin_8\walton_lighthouse-2025-03-10_160308Z\curve_boxplot.png,2025-03-10 15:56:00,282.0,1.75,14.29,43.763125,36.126549,48.51125,651,2,2025-03-10T16:03:08Z,7.13,43.763125,C:\Users\monaz\Documents\GitHub\sam2_realtime\save_predict\shoreline_jsons\curve_boxplot_outputs_per_clip\seabright_updated_baseline\south_westerly_onshore\bin_8\walton_lighthouse-2025-03-10_160308Z\curves.csv,2574.5127193704348,coordinate,700.0,701.0,701.0,701.0,1,2263,2258,True,
seabright,south_westerly_onshore,onshore,9,walton_lighthouse-2025-03-25_180057Z,clip,2656,2656,186,polyline,C:\Users\monaz\Documents\GitHub\sam2_realtime\save_predict\shoreline_jsons\baseline\walton_lighthouse-2025-03-19_000451Z_000002.json,,253.22221786936225,886.2777625427678,945.9750823282384,110421.3407109351,90.0,0,C:\Users\monaz\Documents\GitHub\sam2_realtime\save_predict\shoreline_jsons\curve_boxplot_outputs_per_clip\seabright_updated_baseline\south_westerly_onshore\bin_9\walton_lighthouse-2025-03-25_180057Z\curve_boxplot.png,2025-03-25 17:56:00,280.0,1.83,18.18,60.883002000000005,48.51125,70.5157,651,2,2025-03-25T18:00:57Z,4.95,60.883002000000005,C:\Users\monaz\Documents\GitHub\sam2_realtime\save_predict\shoreline_jsons\curve_boxplot_outputs_per_clip\seabright_updated_baseline\south_westerly_onshore\bin_9\walton_lighthouse-2025-03-25_180057Z\curves.csv,1659.1335934747904,coordinate,700.0,701.0,701.0,701.0,1,2656,2524,True,
