u,X_warped,Y_warped
0.0,-13581926.642746992,4434063.054794077
0.002506265664160401,-13581925.199182002,4434061.237764822
0.005012531328320802,-13581923.693232141,4434059.628925948
0.007518796992481203,-13581921.867194416,4434059.088282278
0.010025062656641603,-13581920.041156713,4434058.547638613
0.012531328320802004,-13581918.215119042,4434058.006994959
0.015037593984962405,-13581916.389081324,4434057.466351293
0.017543859649122806,-13581914.5630436,4434056.9257076215
0.020050125313283207,-13581912.737005895,4434056.385063957
0.022556390977443608,-13581910.910968214,4434055.844420299
0.02506265664160401,-13581909.457733233,4434054.059661692
0.02756892230576441,-13581908.009588573,4434052.257915525
0.03007518796992481,-13581906.561443957,4434050.456169345
0.03258145363408521,-13581905.113299362,4434048.654423158
0.03508771929824561,-13581903.381080518,4434047.8006877685
0.03759398496240601,-13581901.551265681,4434047.272649095
0.040100250626566414,-13581899.721450841,4434046.744610421
0.042606516290726815,-13581897.891636034,4434046.216571757
0.045112781954887216,-13581896.061821206,4434045.688533088
0.047619047619047616,-13581894.23200636,4434045.16049441
0.05012531328320802,-13581892.402191542,4434044.632455744
0.05263157894736842,-13581890.8822021,4434043.070469704
0.05513784461152882,-13581889.42972944,4434041.2831670465
0.05764411027568922,-13581887.806346534,4434040.066224942
0.06015037593984962,-13581885.974376805,4434039.545377595
0.06265664160401002,-13581884.142407106,4434039.024530259
0.06516290726817042,-13581882.310437365,4434038.50368291
0.06766917293233082,-13581880.478467617,4434037.982835558
0.07017543859649122,-13581878.646497888,4434037.461988212
0.07268170426065163,-13581876.81452818,4434036.9411408715
0.07518796992481203,-13581875.26860299,4434035.46570746
0.07769423558897243,-13581873.812033646,4434033.692076109
0.08020050125313283,-13581872.355464363,4434031.9184447415
0.08270676691729323,-13581870.898895057,4434030.144813381
0.08521303258145363,-13581869.081854133,4434029.574145651
0.08771929824561403,-13581867.246349026,4434029.065096589
0.09022556390977443,-13581865.410843913,4434028.556047525
0.09273182957393483,-13581863.575338796,4434028.046998461
0.09523809523809523,-13581861.739833659,4434027.537949389
0.09774436090225563,-13581859.90432854,4434027.0289003225
0.10025062656641603,-13581858.255066691,4434025.898321454
0.10275689223057644,-13581856.794614049,4434024.137649491
0.10526315789473684,-13581855.334161403,4434022.376977529
0.10776942355889724,-13581853.819512377,4434020.79716945
0.11027568922305764,-13581851.98082192,4434020.298750543
0.11278195488721804,-13581850.142131455,4434019.800331635
0.11528822055137844,-13581848.30344095,4434019.301912715
0.11779448621553884,-13581846.464750476,4434018.8034938015
0.12030075187969924,-13581844.626060018,4434018.305074895
0.12280701754385964,-13581842.787369544,4434017.806655984
0.12531328320802004,-13581841.290066477,4434016.16896105
0.12781954887218044,-13581839.8259276,4434014.420590772
0.13032581453634084,-13581838.361788757,4434012.672220485
0.13283208020050125,-13581836.692408185,4434011.608781591
0.13533834586466165,-13581834.850442784,4434011.121291688
0.13784461152882205,-13581833.008477405,4434010.633801794
0.14035087719298245,-13581831.166512024,4434010.146311898
0.14285714285714285,-13581829.324546639,4434009.658822002
0.14536340852130325,-13581827.482581234,4434009.1713320995
0.14786967418546365,-13581825.837641545,4434008.0263292445
0.15037593984962405,-13581824.339449845,4434006.391599973
0.15288220551378445,-13581822.496052558,4434005.908888565
0.15538847117794485,-13581820.652655266,4434005.426177153
0.15789473684210525,-13581818.809258007,4434004.9434657525
0.16040100250626566,-13581816.965860732,4434004.460754348
0.16290726817042606,-13581815.122463448,4434003.97804294
0.16541353383458646,-13581813.375517368,4434003.173455151
0.16791979949874686,-13581811.904540189,4434001.4479057165
0.17042606516290726,-13581810.433562988,4433999.722356289
0.17293233082706766,-13581808.82413266,4433998.458851748
0.17543859649122806,-13581806.977818904,4433997.985873235
0.17794486215538846,-13581805.131505145,4433997.512894721
0.18045112781954886,-13581803.285191381,4433997.039916206
0.18295739348370926,-13581801.4388776,4433996.566937685
0.18546365914786966,-13581799.592563836,4433996.093959168
0.18796992481203006,-13581798.022719642,4433994.698348159
0.19047619047619047,-13581796.548565142,4433992.983401965
0.19298245614035087,-13581794.769367225,4433992.286444794
0.19548872180451127,-13581792.92106904,4433991.82008867
0.19799498746867167,-13581791.072770873,4433991.353732549
0.20050125313283207,-13581789.224472696,4433990.887376429
0.20300751879699247,-13581787.376174487,4433990.4210202955
0.20551378446115287,-13581785.66582113,4433989.4943155395
0.20802005012531327,-13581784.18863576,4433987.789484024
0.21052631578947367,-13581782.454968387,4433986.940582662
0.21303258145363407,-13581780.604906783,4433986.4801113885
0.21553884711779447,-13581778.754845174,4433986.019640114
0.21804511278195488,-13581776.904783592,4433985.559168848
0.22055137844611528,-13581775.054721992,4433985.0986975795
0.22305764411027568,-13581773.35922323,4433984.122420104
0.22556390977443608,-13581771.879143462,4433982.427247743
0.22807017543859648,-13581770.124835074,4433981.647229455
0.23057644110275688,-13581768.272984238,4433981.192729224
0.23308270676691728,-13581766.421133386,4433980.738228987
0.23558897243107768,-13581764.569282563,4433980.283728759
0.23809523809523808,-13581762.717431733,4433979.829228532
0.24060150375939848,-13581761.099602653,4433978.593752228
0.24310776942355888,-13581759.36607642,4433977.744379848
0.24561403508771928,-13581757.513191357,4433977.293331071
0.24812030075187969,-13581755.660306284,4433976.84228229
0.2506265664160401,-13581753.807421194,4433976.391233502
0.2531328320802005,-13581751.954536121,4433975.94018472
0.2556390977443609,-13581750.369416956,4433974.59554925
0.2581453634085213,-13581748.685554482,4433973.58043924
0.2606516290726817,-13581746.831364311,4433973.133745769
0.2631578947368421,-13581744.977174152,4433972.687052303
0.2656641604010025,-13581743.122984009,4433972.240358842
0.2681704260651629,-13581741.268793859,4433971.793665381
0.2706766917293233,-13581739.685463047,4433970.443061662
0.2731829573934837,-13581737.90685532,4433969.744134966
0.2756892230576441,-13581736.051611144,4433969.300959015
0.2781954887218045,-13581734.196366955,4433968.85778306
0.2807017543859649,-13581732.34112276,4433968.414607101
0.2832080200501253,-13581730.535337372,4433967.806377495
0.2857142857142857,-13581728.888418721,4433966.667978865
0.2882205513784461,-13581727.032378118,4433966.227460691
0.2907268170426065,-13581725.176337505,4433965.786942509
0.2932330827067669,-13581723.32029691,4433965.346424336
0.2957393483709273,-13581721.464256313,4433964.905906161
0.2982456140350877,-13581719.778319221,4433963.89771959
0.3007518796992481,-13581717.921744833,4433963.458982708
0.3032581453634085,-13581716.065170461,4433963.0202458305
0.3057644110275689,-13581714.208596108,4433962.581508962
0.3082706766917293,-13581712.368581284,4433962.087509631
0.3107769423558897,-13581710.579432724,4433961.42375969
0.3132832080200501,-13581708.722590623,4433960.985916317
0.3157894736842105,-13581706.865748512,4433960.548072942
0.3182957393483709,-13581705.008906392,4433960.110229562
0.3208020050125313,-13581703.318425221,4433959.117207427
0.3233082706766917,-13581701.461045925,4433958.68115679
0.3258145363408521,-13581699.603666613,4433958.245106149
0.3283208020050125,-13581697.746287288,4433957.809055502
0.3308270676691729,-13581695.888907984,4433957.373004863
0.3333333333333333,-13581694.27835833,4433956.113235805
0.3358395989974937,-13581692.420168897,4433955.679888697
0.3383458646616541,-13581690.56197945,4433955.246541583
0.3408521303258145,-13581688.703790018,4433954.813194473
0.3433583959899749,-13581686.915943854,4433954.145098314
0.3458646616541353,-13581685.31355847,4433952.858083449
0.3483709273182957,-13581683.454280715,4433952.428368236
0.3508771929824561,-13581681.595002972,4433951.998653027
0.3533834586466165,-13581679.735725243,4433951.568937824
0.3558897243107769,-13581678.003520958,4433950.715153874
0.3583959899749373,-13581676.259519406,4433949.900739573
0.3609022556390977,-13581674.399419256,4433949.473768907
0.3634085213032581,-13581672.539319115,4433949.046798245
0.3659147869674185,-13581670.679218963,4433948.61982758
0.3684210526315789,-13581669.123000784,4433947.178743807
0.37092731829573933,-13581667.27908324,4433946.697768602
0.37343358395989973,-13581665.417878222,4433946.274485141
0.37593984962406013,-13581663.556673188,4433945.851201678
0.37844611528822053,-13581661.779494464,4433945.147506072
0.38095238095238093,-13581660.1526621,4433943.942075586
0.38345864661654133,-13581658.290342549,4433943.522511495
0.38596491228070173,-13581656.428022996,4433943.102947405
0.38847117794486213,-13581654.565703427,4433942.683383307
0.39097744360902253,-13581652.95953082,4433941.409007229
0.39348370927318294,-13581651.156631995,4433940.791144664
0.39598997493734334,-13581649.29318813,4433940.37533253
0.39849624060150374,-13581647.42974429,4433939.959520401
0.40100250626566414,-13581645.67686002,4433939.174749588
0.40350877192982454,-13581643.93795426,4433938.343329729
0.40601503759398494,-13581642.07366071,4433937.930353221
0.40852130325814534,-13581640.209367158,4433937.517376712
0.41102756892230574,-13581638.423134811,4433936.8438949
0.41353383458646614,-13581636.636096613,4433936.173102317
0.41604010025062654,-13581634.771233471,4433935.7620266285
0.41854636591478694,-13581632.906370347,4433935.350950948
0.42105263157894735,-13581631.195793215,4433934.4249929795
0.42355889724310775,-13581629.330357982,4433934.015826516
0.42606516290726815,-13581627.464922734,4433933.606660047
0.42857142857142855,-13581625.5994875,4433933.197493582
0.43107769423558895,-13581623.886722473,4433932.278837101
0.43358395989974935,-13581622.020712595,4433931.871588301
0.43609022556390975,-13581620.154702716,4433931.464339497
0.43859649122807015,-13581618.338035598,4433930.892424361
0.44110275689223055,-13581616.80153947,4433929.385524358
0.44360902255639095,-13581614.934081836,4433928.983107059
0.44611528822055135,-13581613.066624174,4433928.580689748
0.44862155388471175,-13581611.199166536,4433928.178272445
0.45112781954887216,-13581609.482099675,4433927.273971988
0.45363408521303256,-13581607.614058405,4433926.87350237
0.45614035087719296,-13581605.74601713,4433926.473032748
0.45864661654135336,-13581604.027280094,4433925.5743059125
0.46115288220551376,-13581602.158652604,4433925.175792681
0.46365914786967416,-13581600.290025096,4433924.777279448
0.46616541353383456,-13581598.475129696,4433924.199451712
0.46867167919799496,-13581596.626496332,4433923.73421422
0.47117794486215536,-13581594.757574715,4433923.33668246
0.47368421052631576,-13581592.888653094,4433922.939150697
0.47619047619047616,-13581591.019731484,4433922.541618939
0.47869674185463656,-13581589.150809892,4433922.144087185
0.48120300751879697,-13581587.372581417,4433921.443894876
0.48370927318295737,-13581585.62982079,4433920.625339373
0.48621553884711777,-13581584.32668396,4433918.339674085
0.48872180451127817,-13581582.470901513,4433917.89829444
0.49122807017543857,-13581580.598700814,4433917.511705653
0.49373433583959897,-13581578.80518443,4433916.862532012
0.49624060150375937,-13581577.072057202,4433916.011828041
0.49874686716791977,-13581575.198947988,4433915.628271185
0.5012531328320802,-13581573.32583876,4433915.244714326
0.5037593984962405,-13581571.596900769,4433914.380030046
0.506265664160401,-13581569.723182412,4433913.998505988
0.5087719298245614,-13581567.849464055,4433913.616981929
0.5112781954887218,-13581566.118739558,4433912.758259609
0.5137844611528821,-13581564.244409269,4433912.378777622
0.5162907268170426,-13581562.370078992,4433911.999295639
0.518796992481203,-13581560.637552932,4433911.146585556
0.5213032581453634,-13581558.762607932,4433910.769154998
0.5238095238095237,-13581556.913735481,4433910.304715265
0.5263157894736842,-13581555.36543679,4433908.83720265
0.5288220551378446,-13581553.48894264,4433908.464941982
0.531328320802005,-13581551.612448482,4433908.092681316
0.5338345864661653,-13581549.946726508,4433907.017032888
0.5363408521303258,-13581548.069294268,4433906.647902809
0.5388471177944862,-13581546.191862013,4433906.278772728
0.5413533834586466,-13581544.384069638,4433905.677240818
0.5438596491228069,-13581542.50632325,4433905.309159091
0.5463659147869674,-13581540.677753761,4433904.776964495
0.5488721804511278,-13581538.888703039,4433904.112888107
0.5513784461152882,-13581537.01032616,4433903.74691037
0.5538847117794485,-13581535.200492855,4433903.1521894885
0.556390977443609,-13581533.321799677,4433902.787267426
0.5588972431077694,-13581531.464252137,4433902.351778167
0.5614035087719298,-13581529.700074013,4433901.604697038
0.5639097744360901,-13581527.820745945,4433901.241893657
0.5664160401002506,-13581526.112889161,4433900.306857386
0.568922305764411,-13581524.263894685,4433899.8428249555
0.5714285714285714,-13581522.38360873,4433899.483218142
0.5739348370927317,-13581520.570263889,4433898.900215943
0.5764411027568922,-13581518.689657189,4433898.541679644
0.5789473684210527,-13581516.809050478,4433898.18314334
0.581453634085213,-13581514.928443762,4433897.824607033
0.5839598997493733,-13581513.113648608,4433897.246444768
0.5864661654135338,-13581511.232720379,4433896.888981479
0.5889724310776943,-13581509.417113272,4433896.313528888
0.5914786967418546,-13581507.535862736,4433895.957141111
0.593984962406015,-13581505.703522747,4433895.437529421
0.5964912280701754,-13581503.837866884,4433895.029099251
0.5989974937343359,-13581501.968618874,4433894.632656767
0.6015037593984962,-13581500.138728768,4433894.104869261
0.6040100250626566,-13581498.256831408,4433893.750640108
0.606516290726817,-13581496.438444417,4433893.184464603
0.6090225563909775,-13581494.55622249,4433892.831318563
0.6115288220551378,-13581492.80016731,4433892.057129598
0.6140350877192982,-13581490.917293992,4433891.706157443
0.6165413533834586,-13581489.09707351,4433891.146100582
0.6190476190476191,-13581487.213873317,4433890.796219208
0.6215538847117794,-13581485.455111131,4433890.03106406
0.6240601503759398,-13581483.571254924,4433889.683372009
0.6265664160401002,-13581481.811108224,4433888.922837282
0.6290726817042607,-13581479.926592851,4433888.577344897
0.631578947368421,-13581478.103490906,4433888.026904061
0.6340852130325814,-13581476.218644802,4433887.682515449
0.6365914786967418,-13581474.394694932,4433887.134904282
0.6390977443609023,-13581472.50951728,4433886.791622043
0.6416040100250626,-13581470.684716074,4433886.246851952
0.644110275689223,-13581468.858853085,4433885.705625301
0.6466165413533834,-13581466.973550145,4433885.362761195
0.6491228070175439,-13581465.087707065,4433885.02169962
0.6516290726817042,-13581463.201863997,4433884.6806380525
0.6541353383458646,-13581461.3750159,4433884.142698882
0.656641604010025,-13581459.488838935,4433883.80275162
0.6591478696741855,-13581457.602661943,4433883.4628043445
0.6616541353383458,-13581455.83288721,4433882.73440024
0.6641604010025062,-13581453.946040047,4433882.396689576
0.6666666666666666,-13581452.11693026,4433881.866298054
0.6691729323308271,-13581450.287285358,4433881.3376922915
0.6716791979949874,-13581448.399764761,4433881.002228926
0.6741854636591478,-13581446.569244927,4433880.476543058
0.6766917293233082,-13581444.706923604,4433880.056984864
0.6791979949874687,-13581442.906583928,4433879.43058185
0.681704260651629,-13581441.074438898,4433878.910319546
0.6842105263157894,-13581439.185561767,4433878.579383252
0.6867167919799498,-13581437.352529902,4433878.062080464
0.6892230576441103,-13581435.518949576,4433877.546607937
0.6917293233082706,-13581433.629389273,4433877.217951562
0.694235588972431,-13581431.850135684,4433876.521180257
0.6967418546365914,-13581430.014898054,4433876.011238446
0.6992481203007519,-13581428.124306755,4433875.686022653
0.7017543859649122,-13581426.233715467,4433875.3608068675
0.7042606516290726,-13581424.397230756,4433874.855026899
0.706766917293233,-13581422.506294122,4433874.530963525
0.7092731829573935,-13581420.63092678,4433874.154942397
0.7117794486215538,-13581418.777620304,4433873.705299966
0.7142857142857142,-13581416.886337511,4433873.382391816
0.7167919799498746,-13581415.047689417,4433872.883831424
0.7192982456140351,-13581413.156059626,4433872.5620813025
0.7218045112781954,-13581411.303134857,4433872.111165008
0.7243107769423558,-13581409.424519269,4433871.745983944
0.7268170426065163,-13581407.58403814,4433871.253540731
0.7293233082706767,-13581405.742984395,4433870.763008514
0.731829573934837,-13581403.95252817,4433870.103622637
0.7343358395989974,-13581402.063120846,4433869.774455647
0.7368421052631579,-13581400.21636631,4433869.302948021
0.7393483709273183,-13581398.37300094,4433868.820130136
0.7418546365914787,-13581396.579309609,4433868.171540412
0.744360902255639,-13581394.734543694,4433867.693396443
0.7468671679197995,-13581392.839396859,4433867.38338327
0.7493734335839599,-13581390.993685642,4433866.908393934
0.7518796992481203,-13581389.098182376,4433866.599570372
0.7543859649122806,-13581387.2026791,4433866.290746805
0.7568922305764411,-13581385.307175806,4433865.98192323
0.7593984962406015,-13581383.459800662,4433865.512486744
0.7619047619047619,-13581381.61182881,4433865.045041666
0.7644110275689222,-13581379.715609947,4433864.738606104
0.7669172932330827,-13581377.866680007,4433864.274358224
0.7694235588972431,-13581376.017148037,4433863.812119535
0.7719298245614035,-13581374.16701176,4433863.351897485
0.7744360902255638,-13581372.316268934,4433862.893699579
0.7769423558897243,-13581370.41860827,4433862.592075586
0.7794486215538847,-13581368.566893974,4433862.1371197505
0.7819548872180451,-13581366.66887063,4433861.836706123
0.7844611528822054,-13581364.816180738,4433861.385005935
0.7869674185463659,-13581362.91779381,4433861.085805689
0.7894736842105263,-13581361.01940688,4433860.786605441
0.7919799498746867,-13581359.121019946,4433860.487405192
0.794486215538847,-13581357.266621388,4433860.041407139
0.7969924812030075,-13581355.367869958,4433859.743423285
0.7994987468671679,-13581353.512485836,4433859.300714401
0.8020050125313283,-13581351.656478245,4433858.860086025
0.8045112781954886,-13581349.756995074,4433858.564544072
0.8070175438596491,-13581347.899994487,4433858.127229555
0.8095238095238095,-13581346.042364875,4433857.69201427
0.8120300751879699,-13581344.142146338,4433857.398926465
0.8145363408521302,-13581342.32520901,4433856.827912987
0.8170426065162907,-13581340.507208891,4433856.26044635
0.8195488721804511,-13581338.646771163,4433855.83460229
0.8220551378446115,-13581336.79082212,4433855.393778566
0.8245614035087718,-13581334.964790655,4433854.853114056
0.8270676691729323,-13581333.102144958,4433854.434638331
0.8295739348370927,-13581331.27922706,4433853.883583334
0.8320802005012531,-13581329.503224727,4433853.1759619275
0.8345864661654134,-13581327.737740383,4433852.433239909
0.8370927318295739,-13581325.964222362,4433851.717327905
0.8395989974937343,-13581324.096026646,4433851.317373722
0.8421052631578947,-13581322.267281003,4433850.78576698
0.844611528822055,-13581320.476405066,4433850.127781623
0.8471177944862155,-13581318.60529664,4433849.737547755
0.849624060150376,-13581316.733498825,4433849.349614487
0.8521303258145363,-13581314.89993113,4433848.834099768
0.8546365914786966,-13581313.026448471,4433848.4517891295
0.8571428571428571,-13581311.190691387,4433847.943580972
0.8596491228070176,-13581309.27738288,4433847.694176909
0.8621553884711779,-13581307.439613376,4433847.192684511
0.8646616541353382,-13581305.563011993,4433846.820781612
0.8671679197994987,-13581303.642729878,4433846.594649885
0.8696741854636592,-13581301.697268866,4433846.452544961
0.8721804511278195,-13581299.783154013,4433846.20583177
0.8746867167919798,-13581297.869039182,4433845.959118591
0.8771929824561403,-13581295.925772425,4433845.809691037
0.8796992481203008,-13581293.970914815,4433845.698944385
0.8822055137844611,-13581292.007051032,4433845.618253016
0.8847117794486214,-13581290.042541606,4433845.539716342
0.8872180451127819,-13581288.09709092,4433845.397577051
0.8897243107769424,-13581286.152522692,4433845.252492696
0.8922305764411027,-13581284.191338684,4433845.162858403
0.894736842105263,-13581282.266020004,4433844.953534609
0.8972431077694235,-13581280.405755552,4433844.527112303
0.899749373433584,-13581278.601333609,4433843.914332686
0.9022556390977443,-13581276.805030491,4433843.274458842
0.9047619047619047,-13581275.224511107,4433841.914472933
0.9072681704260651,-13581273.536088133,4433840.914582283
0.9097744360902256,-13581271.84840553,4433839.912220815
0.9122807017543859,-13581270.119727887,4433839.046667719
0.9147869674185463,-13581268.475222055,4433837.90021696
0.9172932330827067,-13581266.789701946,4433836.89063889
0.9197994987468672,-13581264.976496778,4433836.307170561
0.9223057644110275,-13581263.268969128,4433835.371035813
0.9248120300751879,-13581261.362046033,4433835.100322469
0.9273182957393483,-13581259.551365934,4433834.508427461
0.9298245614035088,-13581257.705981892,4433834.03234623
0.9323308270676691,-13581255.794524647,4433833.776764137
0.9348370927318295,,
0.9373433583959899,,
0.9398496240601504,,
0.9423558897243107,,
0.9448621553884711,,
0.9473684210526315,,
0.949874686716792,,
0.9523809523809523,,
0.9548872180451127,,
0.9573934837092731,,
0.9598997493734336,,
0.9624060150375939,,
0.9649122807017543,,
0.9674185463659147,,
0.9699248120300752,,
0.9724310776942355,,
0.9749373433583959,,
0.9774436090225563,,
0.9799498746867168,,
0.9824561403508771,,
0.9849624060150375,,
0.9874686716791979,,
0.9899749373433584,,
0.9924812030075187,,
0.9949874686716791,,
0.9974937343358395,,
1.0,,
