x,median,q1,q3,whisker_low,whisker_high,iqr,std,count
451.80000000000007,-299.60000000000116,-454.3499999999904,-233.44999999999993,-785.6999999999762,-214.0,220.89999999999048,170.84358727065077,254
452.16713426853715,-301.4164328657314,-451.406212424855,-232.2082164328657,-780.2032064128391,-207.0,219.19799599198933,170.97683799397544,254
452.53426853707424,-303.7328657314629,-449.38356713426856,-231.59929859719432,-776.0599699398799,-207.0,217.78426853707424,162.88301422067957,254
452.90140280561127,-288.54929859719437,-442.1513026052113,-231.02464929859718,-758.8412825651325,-207.0,211.12665330661412,167.56314093283237,254
453.26853707414836,-301.0,-440.50801603206753,-231.36573146292582,-754.2214428857801,-213.0,209.1422845691417,155.32543313762702,255
453.63567134268544,-300.36432865731456,-436.15360721443176,-231.00761523046015,-743.8725951903891,-213.0,205.1459919839716,152.9758222051566,255
454.0028056112225,-286.1865731462981,-420.9773547094145,-227.21553106215993,-711.6200901802963,-212.99719438877747,193.76182364725457,173.53233182370928,256
454.3699398797596,-306.5489478957991,-435.5410821643328,-230.14884769539063,-743.629433867746,-212.6300601202404,205.39223446894218,156.33760094584392,256
454.73707414829664,-303.26292585170336,-428.87725450902406,-229.76292585170336,-727.548747495005,-212.26292585170336,199.1143286573207,160.97909557301813,256
455.1042084168337,-289.8957915831663,-403.0,-227.89579158316627,-665.6563126252506,-210.0,175.10420841683373,162.80552515899686,257
455.4713426853708,-293.41082164328645,-430.3394789579429,-227.52865731462919,-734.5557114229134,-210.0,202.81082164331372,155.45183121829794,257
455.8384769539079,-284.1615230460921,-419.2757515029996,-227.1615230460921,-707.4470941883608,-210.0,192.11422845690748,164.1553350754617,257
456.20561122244493,-283.5,-403.1469939879738,-225.75701402805618,-669.2319639278503,-209.97194388777535,177.38997995991764,154.0701519849255,258
456.572745490982,-288.49539078156295,-403.86452905811234,-226.21593186372752,-670.3374248496896,-208.13627254508992,177.64859719438482,147.79310721918134,258
456.9398797595191,-261.48997995989885,-367.9958249832951,-226.0601202404809,-580.8993820975164,-206.3006012024045,141.9357047428142,161.10097267226448,258
457.3070140280562,-285.3464929859719,-405.91943887778996,-225.8464929859719,-676.028857715517,-204.0,180.07294589181805,159.8946536083273,258
457.6741482965933,-289.9915831663326,-445.46653306612995,-226.08146292585167,-774.5441382765474,-204.0,219.3850701402783,167.54160681960983,258
458.0412825651303,-287.5,-460.3899799599182,-225.9690380761523,-812.0213927855671,-203.9587174348697,234.42094188376592,188.43780319848238,258
458.4084168336674,-292.55494989979957,-449.63861359081795,-225.69368737474946,-785.5560029149207,-203.5915831663326,223.9449262160685,176.61282506744476,258
458.7755511022045,-289.1402805611222,-436.6593186372764,-225.41833667334663,-753.5207915831711,-203.22444889779553,211.24098196392976,176.70635316014835,258
459.14268537074156,-288.85731462925844,-444.427414829647,-226.0,-772.0685370741174,-203.0,218.42741482964698,178.15494819987882,259
459.50981963927865,-293.3202404809618,-441.4388109552675,-226.0,-764.5970273881687,-203.0,215.4388109552675,174.13191227990507,259
459.8769539078157,-283.0,-450.9170340681386,-226.0,-788.2925851703465,-203.0,224.9170340681386,183.2963648165001,259
460.24408817635276,-292.19485637943154,-418.03186372745165,-227.12204408817638,-704.3965931863645,-209.0,190.90981963927527,160.18873331172165,260
460.61122244488985,-292.5440881763457,-423.663827655292,-227.13877755511015,-718.4514028055647,-209.0,196.52505010018183,157.6890354380536,260
460.97835671342693,-283.48917835671347,-445.81316268901435,-224.82272545090171,-777.2988185461833,-209.0,220.99043723811263,172.28283860470648,260
461.345490981964,-290.8726786907146,-445.35037347422104,-226.2725450901799,-773.9671160502828,-208.65450901803598,219.07782838404114,162.43408172086555,261
461.71262525050105,-289.0,-434.71262525050105,-226.0,-747.7815631262526,-208.28737474949895,208.71262525050105,164.7933388849643,261
462.07975951903813,-283.61442885772647,-417.9362725450802,-225.58897795591207,-706.4572144288325,-209.0,192.34729458916814,165.6603347146452,262
462.4468937875752,-287.5531062124248,-424.399799599186,-225.66482965931857,-722.5022545089871,-209.0,198.73496993986743,158.8016586128939,262
462.8140280561123,-285.6859719438877,-414.7385771543088,-225.1859719438877,-699.0674849699406,-209.0,189.55260521042112,163.6007629248636,262
463.18116232464934,-286.81883767535066,-411.20661322645407,-223.45290581162334,-692.8371743487002,-200.0,187.75370741483073,162.42094881678793,263
463.5482965931864,-287.4517034068136,-424.61442885771896,-223.40340681362716,-726.4309619238567,-200.0,201.2110220440918,161.9726384699897,263
463.9154308617235,-284.0845691382765,-412.8509018036084,-222.66913827655299,-698.1235470941915,-200.0,190.1817635270554,173.5632581901329,263
464.2825651302606,-296.7174348697394,-423.7384769539089,-225.4348697394788,-721.193887775554,-203.62324649298588,198.3036072144301,154.05018683102895,263
464.6496993987977,-294.05090180360696,-438.0314629258499,-225.17515030060116,-757.315931863723,-203.13373413493642,212.85631262524873,154.71394581362483,263
465.0168336673347,-267.82444889780913,-373.7490981963945,-221.49158316633265,-602.1353707414873,-198.0,152.25751503006188,163.75496601233613,263
465.3839679358718,-284.0,-410.7003006011987,-223.0,-692.2507515029968,-198.0,187.7003006011987,152.76600508084277,263
465.7511022044089,-283.0,-421.0843687374833,-223.0,-718.2109218437083,-198.0,198.08436873748332,161.37135799738567,263
466.11823647294597,-280.5578657314628,-377.7209418837806,-222.88176352705403,-609.9797094188705,-201.17568470273872,154.83917835672656,168.35218217092032,264
466.48537074148305,-285.2573146292585,-425.0979959919701,-222.51462925851695,-728.9730460921498,-200.68617234468925,202.58336673345315,166.85371094709058,264
466.8525050100201,-279.71718436873743,-438.6513117143378,-220.1718436873745,-766.3705137547827,-200.1966599866399,218.4794680269633,178.54823294011487,264
467.21963927855717,-287.90981963929187,-433.78036072144283,-223.56072144288567,-749.1098196392786,-200.0,210.21963927855717,166.74938744750906,265
467.58677354709425,-286.91783567133325,-436.3879759519127,-222.8264529058115,-756.7302605210646,-200.0,213.56152304610123,164.07829034624177,265
467.95390781563134,-273.0921843687373,-436.04609218436866,-221.04609218436866,-758.5460921843687,-200.0,215.0,179.07396170435206,265
468.3210420841684,-285.8146292585268,-429.3121242485278,-221.0894789579158,-741.6460921844459,-199.67895791583157,208.22264529061204,163.78827052392987,266
468.68817635270545,-289.90320641282545,-435.17665330660543,-220.71773547094182,-756.8650300601008,-199.31182364729455,214.4589178356636,167.47850559074323,266
469.05531062124254,-278.25250501003836,-440.315187517893,-220.23617234468935,-770.4337102776984,-198.94468937875746,220.07901517320363,175.401402384681,266
469.4224448897796,-283.2887775551102,-436.7370312052676,-220.68316633266528,-760.8178285141711,-198.57755511022037,216.05386487260233,163.25254832227924,266
469.7895791583167,-280.6052104208417,-423.47494989979066,-220.3112892451569,-728.2204408817413,-198.2104208416833,203.16366065463376,166.21622206941225,266
470.1567134268538,-266.9906813627251,-382.51262525051425,-216.96082164328655,-630.8403306613558,-195.8432865731462,165.5518036072277,162.06386583022515,268
470.5238476953908,-277.9543086172368,-424.80949899799595,-216.8690380761523,-736.7201903807614,-195.47615230460917,207.94046092184365,158.24052371739,268
470.8909819639279,-267.28076152303083,-426.445490981964,-216.777254509018,-740.947845691383,-195.1090180360721,209.66823647294598,171.21499550993548,268
471.258116232465,-282.28076152305493,-429.3662324649126,-216.88677354709375,-748.0854208416409,-194.741883767535,212.47945891781887,170.5990141282864,268
471.6252505010021,-281.3747494989979,-421.92084168335117,-216.37474949899791,-730.2399799598811,-194.37474949899791,205.54609218435326,159.99422241727856,268
471.9923847695391,-258.78647294588086,-389.1986973947862,-213.0,-653.4967434869656,-194.00761523046089,176.19869739478622,164.83081506729334,268
472.3595190380762,-278.6404809619238,-431.5949231796879,-216.6404809619238,-754.0265865063341,-194.0,214.9544422177641,163.5455066510078,269
472.7266533066133,-278.2733466933867,-413.55190380761167,-216.2733466933867,-709.4697394789491,-194.0,197.27855711422495,166.51497012922005,269
473.0937875751504,-276.0,-424.02304609219857,-218.56272545090224,-732.213527054143,-195.90621242484963,205.46032064129633,176.59574205051814,269
473.46092184368746,-281.5901803607196,-432.2645290581161,-218.53907815631254,-752.8527054108215,-195.53907815631254,213.72545090180358,170.07436359479368,269
473.8280561122245,-279.1719438877755,-428.0593186372851,-218.1719438877755,-742.8903807615495,-195.1719438877755,209.8873747495096,176.07134001144775,269
474.1951903807616,-279.66609886440403,-402.53537074148204,-217.0,-680.8384268537052,-193.80480961923843,185.53537074148204,165.57707694440288,270
474.56232464929866,-283.5,-419.67695390782495,-216.03139612558445,-725.1452905811857,-193.43767535070134,203.6455577822405,153.658897929562,270
474.92945891783575,-275.57054108216425,-395.73547094188405,-216.0,-665.3386773547102,-193.07054108216425,179.73547094188405,162.30175687570977,270
475.29659318637283,-277.70340681362717,-387.43486973946546,-213.84769539078036,-647.8156312624931,-192.70340681362717,173.5871743486851,148.2526515639934,273
475.66372745490986,-273.33627254509014,-382.20641282566237,-213.33627254509014,-635.5116232465207,-192.33627254509014,168.87014028057223,146.06387825203137,273
476.03086172344695,-255.98456913827653,-385.97374749499033,-213.96913827655305,-643.9806613226463,-192.0,172.00460921843728,159.11618380077465,274
476.39799599198403,-277.0,-410.50841683366866,-214.47825651302594,-704.5536573146328,-192.0,196.03016032064272,151.85932166362792,274
476.7651302605211,-276.88700734802933,-408.4122244489138,-213.88166332665318,-700.2080661323047,-192.0,194.5305611222606,161.92769546870866,274
477.13226452905815,-265.07414829659297,-410.40330661322486,-214.75400801603195,-703.8772545090142,-192.0,195.6492985971929,176.50186459602065,274
477.49939879759523,-277.9807615230475,-407.00621242484027,-214.62605210420833,-695.5764529057882,-192.0,192.38016032063194,168.63520147138306,274
477.8665330661323,-277.0,-393.63967935871824,-215.13346693386768,-661.398997995994,-192.0,178.50621242485056,173.3821106477621,274
478.2336673346694,-279.9106212424971,-426.19158316633263,-214.4158316633265,-743.8552104208418,-192.0,211.77575150300615,174.92858038169908,274
478.6008016032065,-281.09879759519026,-427.4786573146321,-213.49799599198377,-748.4496492986045,-192.0,213.9806613226483,168.73560889410197,274
478.9679358717435,-268.5,-423.77605210421154,-212.00801603206412,-741.4281062124327,-192.0,211.76803607214742,175.374268657054,274
479.3350701402806,-279.41883767535074,-435.510921843692,-212.16623246492986,-770.5279559118353,-191.3350701402806,223.34468937876215,172.34970067538126,274
479.7022044088177,-276.64889779559115,-425.2977955911823,-212.0,-745.2444889779558,-191.2977955911823,213.2977955911823,172.21966403535438,274
480.0693386773548,-273.9653306613226,-426.4781563126244,-211.93066132264522,-748.2993987975931,-191.0,214.54749498997916,181.57225323312747,274
480.43647294589186,-278.4148296593229,-428.4487975951895,-211.6726452905811,-753.6130260521021,-191.0,216.7761523046084,166.0864325498206,274
480.8036072144289,-277.14729458917833,-415.8341683366547,-211.39729458917833,-722.4894789578693,-191.0,204.4368737474764,167.47102824804287,274
481.170741482966,-273.329258517034,-403.6929358717328,-210.82925851703402,-692.988451903781,-191.0,192.86367735469878,163.27304106931993,276
481.53787575150307,-275.82765531062114,-414.3633266533127,-210.46212424849693,-720.2151302605364,-191.0,203.90120240481576,153.66734010247518,276
481.90501002004015,-247.04749498997992,-378.24378757514165,-210.09498997995985,-630.4669839679143,-191.0,168.1487975951818,164.30222207032966,276
482.27214428857724,-280.8639278557114,-412.20290581163647,-210.54589178356707,-714.6884268537406,-191.0,201.6570140280694,161.8237951456437,276
482.63927855711427,-284.18036072144287,-420.69338677354904,-210.0,-736.7334669338726,-191.0,210.69338677354904,159.73424688987515,276
483.00641282565135,-270.49679358717435,-411.7487975951982,-208.74519038076147,-716.2542084168533,-192.99358717434865,203.00360721443673,164.33426752281954,276
483.37354709418844,-276.0,-418.35250501002366,-209.46983967935867,-731.6765030060212,-192.62645290581156,208.882665330665,157.5527463641552,276
483.7406813627255,-276.88897795591174,-418.14098196392524,-209.0,-731.8524549098131,-192.25931863727448,209.14098196392524,162.87392160724073,276
484.1078156312626,-275.8382765531061,-433.2626920507681,-209.0,-769.6567301269204,-192.0,224.26269205076812,179.6025046721261,276
484.47494989979964,-285.7625250501002,-450.90280561121006,-209.0,-813.7570140280252,-192.0,241.90280561121006,176.7513005089817,276
484.8420841683367,-279.08416833666035,-462.63156312625256,-209.0,-843.0789078156314,-192.0,253.63156312625256,186.77086714323295,276
485.2092184368738,-271.3366733467027,-405.66783567132995,-207.7907815631262,-702.4834168336356,-187.0,197.87705410820377,164.56008218651706,276
485.5763527054109,-273.0745490981948,-416.9236472945891,-207.4236472945891,-731.173647294589,-187.0,209.5,156.1696916507899,276
485.943486973948,-251.40905811620104,-379.778256513026,-207.05651302605202,-638.860871743487,-187.0,172.721743486974,165.2095272765745,276
486.310621242485,-274.2242484969951,-407.15380761522624,-208.689378757515,-704.8504509017931,-190.689378757515,198.46442885771125,158.36040394907323,276
486.6777555110221,-270.661122244489,-388.6573480293718,-208.8305611222445,-658.3975283900627,-190.3222444889779,179.8267869071273,159.37848697326248,276
487.0448897795592,-252.2836673346694,-391.0498997996,-205.95511022044082,-668.6920841683387,-186.0,185.09478957915917,170.24987525204588,276
487.41202404809627,-271.5,-396.85931863728536,-205.58797595190373,-683.7663326653578,-186.0,191.27134268538163,158.63137722851306,276
487.7791583166333,-269.69458917835334,-386.94478957915834,-205.9708416833667,-658.4057114228458,-186.0,180.97394789579164,164.8934411887587,276
488.1462925851704,-269.9268537074148,-392.8384268537102,-206.6037074148296,-672.190506012031,-187.0,186.23471943888057,180.77405698456477,276
488.5134268537075,-276.7432865731463,-408.7145541082164,-206.23657314629253,-712.4315255511023,-187.0,202.4779809619239,168.31795403458253,276
488.88056112224456,-265.10821643283,-404.67428857716357,-205.86943887775544,-702.8815631262758,-187.0,198.80484969940812,173.55128884455286,276
489.24769539078164,-261.94038076152293,-405.79358717438214,-204.0,-708.4839679359554,-185.0,201.79358717438214,174.94629170137483,277
489.6148296593187,-261.48146292585164,-390.53026052105247,-204.0,-670.3256513026312,-185.0,186.53026052105247,174.61729049774968,277
489.98196392785576,-247.01803607214424,-372.1162324649322,-204.0,-624.2905811623305,-185.0,168.11623246493218,185.29318282858068,277
490.34909819639284,-266.16603206413293,-382.59799599198243,-203.65090180360716,-651.0186372745453,-184.65090180360716,178.94709418837527,171.16489758285852,278
490.71623246492993,-260.85941883766634,-361.9138276552736,-203.28376753507007,-599.858917835579,-184.28376753507007,158.63006012020355,168.5167501859576,278
491.08336673346696,-259.64579158316633,-363.8906312625291,-203.02084168336674,-605.1953156312727,-185.91663326653304,160.86978957916236,167.1549921113337,278
491.45050100200405,-267.53006012024275,-392.68647294590494,-203.02474949899798,-677.1790581162654,-185.54949899799595,189.66172344690696,162.83208693148364,278
491.81763527054113,-267.09118236472943,-355.2004008015788,-203.0,-583.501002003947,-185.18236472945887,152.20040080157878,172.1509947036292,278
492.1847695390782,-276.59966599866385,-400.6262525050297,-202.95380761523046,-697.1349198397286,-185.0,197.67244488979924,163.75640159263497,280
492.5519038076153,-275.3042084168335,-421.202304609206,-202.6038076152306,-749.100050100169,-185.0,218.5984969939754,161.4646921106309,280
492.91903807615233,-259.55470941883783,-414.0749498997998,-202.14168336673342,-731.9748496993993,-185.0,211.93326653306636,180.19393634697016,280
493.2861723446894,-274.35691382765526,-396.85430861724046,-202.28456913827645,-688.7089178356864,-184.71382765531058,194.569739478964,170.54956079827414,282
493.6533066132265,-273.67334669338675,-419.63947895791296,-201.7184368737473,-746.5210420841614,-184.3466933867735,217.92104208416566,170.1090699835229,282
494.0204408817636,-254.9642284569137,-387.239659318633,-200.95911823647282,-666.6604709418733,-183.0,186.2805410821602,181.65112515797946,284
494.3875751503007,-268.32692050768185,-409.777855711454,-200.5801269205076,-723.5744488978735,-183.0,209.19772879094637,165.43257415673747,284
494.7547094188377,-267.53146292585166,-380.240430861724,-200.18239812959249,-650.3274799599212,-183.0,180.05803273213152,164.48477890267935,284
495.1218436873748,-267.0,-424.8781563126252,-200.0,-762.195390781563,-182.8781563126252,224.8781563126252,177.71883048543194,285
495.4889779559119,-271.5110220440881,-417.4188376753757,-200.51102204408812,-742.7805611223071,-182.51102204408812,216.90781563128758,160.90690517926478,285
495.85611222444896,-262.14388777555104,-382.799198396779,-200.14388777555104,-656.7821643286209,-182.14388777555104,182.65531062122795,162.35031347373592,285
496.22324649298605,-269.0,-377.0,-198.77675350701395,-644.334869739479,-181.77675350701395,178.22324649298605,165.37600074358613,285
496.5903807615231,-270.4096192384769,-401.7338677354691,-198.40961923847692,-706.7202404809575,-181.40961923847692,203.3242484969922,164.5871918505451,285
496.95751503006016,-254.04248496993984,-401.04248496993984,-198.04248496993984,-705.5424849699398,-181.04248496993984,203.0,179.70929303345358,285
497.32464929859725,-266.02605210420825,-403.67535070140275,-197.0,-713.6883767535069,-181.0,206.67535070140275,169.5073740000765,285
497.69178356713434,-269.0,-414.65010020038625,-197.0,-741.1252505009656,-181.0,217.65010020038625,170.4213346935179,285
498.0589178356714,-261.82324649298573,-392.31102204408586,-198.94108216432858,-682.3659318637217,-181.0,193.36993987975728,182.99687253795847,285
498.42605210420845,-271.0,-418.25130260522883,-198.57394789579155,-747.7673346693848,-181.0,219.67735470943728,172.9446440511095,285
498.79318637274554,-269.20681362725446,-426.10020040078024,-198.20681362725446,-767.9402805610689,-181.0,227.89338677352578,181.05590459631847,285
499.1603206412826,-262.8396793587174,-452.63527054107396,-197.67935871743475,-835.0691382765328,-180.83967935871738,254.9559118236392,186.36570536924984,285
499.5274549098197,-264.4725450901803,-423.09619238473636,-196.94509018036058,-762.3228456913,-180.4725450901803,226.15110220437577,174.2398133654444,285
499.8945891783568,-255.1054108216432,-404.8945891783568,-196.2108216432864,-717.9202404809623,-180.1054108216432,208.6837675350704,178.40784828676735,285
500.2617234468938,-272.7382765531062,-443.0,-197.47655310621235,-811.2851703406815,-180.73827655310618,245.52344689378765,179.12449553013334,285
500.6288577154309,-272.3711422845691,-428.448496993957,-196.74228456913818,-776.0078156311852,-180.3711422845691,231.70621242481883,178.39019925788443,285
500.995991983968,-260.004008016032,-441.01803607215925,-196.0,-808.5450901803981,-180.004008016032,245.01803607215925,193.9577278410263,285
501.3631262525051,-269.0,-418.5,-195.45531062124238,-753.0670340681364,-179.63687374749492,223.04468937875762,166.71379163364392,287
501.73026052104217,-261.26973947895783,-401.3130260520873,-195.13486973947892,-710.5802605209999,-179.26973947895783,206.1781563126084,162.25870099142548,287
502.0973947895792,-255.9026052104208,-385.37034068136165,-194.9026052104208,-671.0719438877729,-179.9026052104208,190.46773547094085,187.72435822094826,289
502.4645290581163,-268.5354709418837,-411.614028056091,-194.53547094188372,-737.2318637274019,-179.53547094188372,217.07855711420729,168.88288643375625,289
502.83166332665337,-259.85971943885147,-384.16833667334663,-194.16833667334663,-669.1683366733466,-179.16833667334663,190.0,171.20889409221598,289
503.19879759519046,-254.40060120240477,-378.1325651302616,-194.80120240480954,-653.1296092184397,-180.0,183.33136272545204,168.08544356781127,290
503.5659318637275,-267.2170340681363,-382.1744488977956,-194.43406813627251,-663.7850200400803,-180.0,187.7403807615231,160.82120484254995,290
503.93306613226457,-245.06693386773543,-352.9491983967989,-194.06693386773543,-591.2725951903942,-180.0,158.8822645290635,169.8860406168586,290
504.30020040080166,-265.19979959919834,-391.28807615231483,-194.77484969939877,-686.0579158316889,-180.0,196.51322645291606,173.06001745513146,290
504.66733466933874,-258.70641282563884,-413.6723446893793,-194.41595691382759,-742.5569263527069,-180.0,219.25638777555173,174.3823903359012,290
505.0344689378758,-244.68957915831675,-400.9832665330654,-193.96553106212423,-711.5098697394772,-179.96553106212423,207.01773547094115,191.19911306424012,290
505.40160320641286,-262.8949899799659,-404.22765531063396,-193.63579659318634,-720.1154433868054,-179.59839679358714,210.59185871744762,182.5690341613223,290
505.76873747494994,-253.7280561122247,-401.5797595190378,-193.2457164328657,-714.080824148296,-179.23126252505006,208.3340430861721,183.68523977387858,290
506.13587174348703,-261.86412825651297,-390.7799599198414,-193.86412825651297,-686.1537074148341,-179.0,196.91583166332845,176.06442613520576,291
506.5030060120241,-268.4969939879759,-398.2054108216197,-193.49699398797588,-705.2680360720854,-179.0,204.7084168336438,167.5158665121639,291
506.87014028056115,-257.87014028056115,-365.0877755511048,-193.12985971943885,-623.0246492986037,-179.0,171.95791583166596,174.54394592221516,291
507.23727454909823,-255.97254509018555,-377.00901803607076,-192.76272545090177,-653.3784569138243,-178.76272545090177,184.246292585169,169.55995870065368,292
507.6044088176353,-265.8955911823647,-374.96603206412476,-192.39559118236468,-648.8216933867649,-178.39559118236468,182.57044088176008,173.0437100746164,292
507.9715430861724,-246.29298597193304,-380.34849699399086,-191.75711422845689,-663.2355711422917,-178.0284569138276,188.59138276553398,187.98339496254124,292
508.3386773547095,-261.3466933867737,-387.4068136272467,-190.91533066132263,-682.1440380761328,-177.6613226452905,196.4914829659241,168.42517978638548,292
508.7058116232465,-263.7645290581163,-392.16132264529074,-190.7354709418837,-694.3001002004013,-177.29418837675348,201.42585170340703,170.18046870765593,292
509.0729458917836,-252.9270541082164,-422.74318637275667,-190.9270541082164,-770.467384769567,-176.9270541082164,231.81613226454027,191.29899279519756,292
509.4400801603207,-264.90681362725866,-423.2812625250448,-190.5599198396793,-772.363276553093,-176.5599198396793,232.72134268536547,174.58324446505657,292
509.8072144288578,-260.1927855711422,-408.37414829656524,-190.19278557114222,-735.6461923846998,-176.19278557114222,218.181362725423,174.5002233407736,292
510.17434869739486,-260.59519038079543,-407.51427855710995,-190.82565130260514,-732.5472194388672,-175.82565130260514,216.6886272545048,191.27155260142266,295
510.5414829659319,-268.0,-413.2106880427466,-190.4585170340681,-747.3389445557643,-175.4585170340681,222.7521710086785,177.92904230355708,295
510.908617234469,-251.0,-366.3745490981917,-190.09138276553102,-630.7992985971828,-175.09138276553102,176.2831663326607,186.35059482356303,295
511.27575150300606,-263.22424849699394,-381.13787575150303,-189.0,-669.3446893787575,-174.72424849699394,192.13787575150303,177.10078517956183,296
511.64288577154315,-260.6046092184313,-376.71362725450757,-189.0,-658.2840681362688,-174.35711422845685,187.71362725450757,174.04573206645622,296
512.0100200400802,-230.13877755511032,-383.06052104208237,-188.7324649298596,-674.5526052104165,-174.0,194.32805611222278,191.8262046567047,296
512.3771543086173,-261.71713426853705,-401.9457915831684,-188.0899799599198,-722.7295090180412,-174.0,213.8558116232486,178.26531873382734,296
512.7442885771544,-259.17354709418754,-402.1814629258529,-187.2557114228456,-724.5700901803639,-174.0,214.9257515030073,181.7472145779618,296
513.1114228456914,-234.82845691385535,-361.88857715430856,-187.0,-624.2214428857715,-173.88857715430856,174.88857715430856,171.54314230577603,297
513.4785571142285,-240.60835003340011,-386.5575150300599,-187.0,-685.8937875751498,-173.52144288577153,199.5575150300599,162.25834652063472,297
513.8456913827656,-233.21242484967684,-361.1543086172344,-187.0,-622.385771543086,-173.1543086172344,174.1543086172344,170.9522290933605,297
514.2128256513026,-249.60641282565132,-374.9839679358717,-186.70736472945887,-657.398872745491,-173.0,188.27660320641283,170.19734231020496,298
514.5799599198398,-249.7899799599199,-384.34929859722126,-186.15631262525034,-681.6387775551776,-173.0,198.19298597197093,160.43667957401638,298
514.9470941883768,-229.2931863727394,-346.5714428857544,-186.0,-587.4286072143859,-173.0,160.57144288575438,170.5662081660795,298
515.3142284569138,-252.4969939879765,-383.41603206412793,-185.76432865731462,-679.8935871743479,-172.68577154308616,197.6517034068133,180.45372769953926,298
515.681362725451,-254.5,-369.95490981962735,-185.45691382765523,-646.7019038075855,-172.31863727454902,184.49799599197212,182.94399373014292,298
516.048496993988,-240.451503006012,-355.5300601202398,-185.951503006012,-609.8978957915815,-171.951503006012,169.5785571142278,176.5553045924755,298
516.415631262525,-262.5226452905812,-386.58847695390614,-185.58436873747496,-688.0946392785529,-171.58436873747496,201.00410821643118,166.45512466548468,298
516.7827655310622,-255.43446893787564,-378.84318637273174,-185.21723446893782,-669.2821142284226,-171.21723446893782,193.62595190379392,180.70634186263015,298
517.1498997995992,-254.0,-407.09258517034164,-185.12525050100197,-740.0435871743512,-171.0,221.96733466933966,200.69652654939162,299
517.5170340681364,-259.86372745490917,-426.4659318637273,-184.74148296593182,-789.0526052104206,-171.0,241.72444889779547,197.04063884463875,299
517.8841683366734,-254.0,-425.48456913827624,-184.59458917835684,-786.8195390781553,-171.0,240.8899799599194,204.53336779078916,299
518.2513026052104,-261.8743486973948,-385.2513026052104,-184.49478957915835,-686.3860721442885,-171.0,200.75651302605206,186.10255247639654,300
518.6184368737476,-261.38156312625244,-419.0839679358658,-183.38156312625244,-772.6375751502858,-171.0,235.70240480961337,184.41440743567,300
518.9855711422846,-249.21643286573124,-386.6664328657331,-183.01442885771542,-692.1444388777596,-171.0,203.65200400801768,199.58858994806823,300
519.3527054108217,-258.17635270541086,-402.9884769539276,-182.64178356713418,-733.5085170341177,-170.29458917835655,220.34669338679342,190.80102651442962,300
519.7198396793588,-254.80808283233097,-411.9573146292495,-182.176377755511,-756.6287199398572,-169.5603206412825,229.78093687373848,196.5027854759201,300
520.0869739478958,-239.52785571142067,-404.11162324649194,-181.91302605210421,-737.4095190380735,-169.65210420841686,222.19859719438773,202.28256615633057,300
520.4541082164329,-257.27294589178354,-418.31835671342685,-181.54589178356707,-773.4770541082165,-168.1835671342683,236.77246492985978,191.8540757838396,300
520.82124248497,-241.69438877755363,-390.64178356713523,-181.0249498997996,-705.0670340681387,-166.71503006012017,209.61683366733564,195.34949639205522,300
521.1883767535071,-254.26452905811612,-377.22945891784286,-180.35871743486967,-672.5355711423026,-167.93720774883096,196.8707414829732,182.89123317086754,300
521.5555110220441,-258.90236472945674,-416.87769539078164,-180.2135771543086,-771.8738727454911,-167.81482965931863,236.66411823647303,177.20694753969585,300
521.9226452905812,-244.15470941883768,-382.19779559118297,-180.0,-685.4944889779574,-167.69245156980628,202.19779559118297,191.24889963653743,300
522.2897795591183,-250.0,-384.2885771542973,-180.0,-690.7214428857433,-167.5700734802939,204.2885771542973,189.05056931230394,301
522.6569138276553,-248.34308617234467,-394.43847695391435,-180.0,-716.0961923847858,-167.44769539078155,214.43847695391435,188.7350980416476,301
523.0240480961925,-233.4639278557113,-382.63326653305376,-180.0,-686.5831663326344,-167.32531730126917,202.63326653305376,191.11722736121826,301
523.3911823647295,-250.0,-391.6088176352705,-180.0,-709.0220440881762,-167.20293921175684,211.6088176352705,182.41759413556917,301
523.7583166332665,-249.69178356713428,-401.86012024048114,-180.0,-734.6503006012028,-167.0805611222445,221.86012024048114,186.54081568784784,301
524.1254509018037,-233.73466933867508,-345.0,-179.0,-594.0,-166.9581830327321,166.0,179.31199618654682,301
524.4925851703407,-249.0,-387.0877755510945,-179.0,-699.2194388777364,-166.83580494321976,208.08777555109452,177.23116191065756,301
524.8597194388778,-240.14028056112215,-361.8677354709523,-179.0,-636.1693386773808,-166.71342685370738,182.8677354709523,191.59891173019088,301
525.2268537074149,-240.0,-354.63682921398345,-179.0,-618.0920730349586,-166.59104876419505,175.63682921398345,182.30083113574335,301
525.5939879759519,-247.4060120240481,-387.9843687374748,-179.0,-701.4609218436871,-166.4060120240481,208.98436873747482,176.05332041963453,301
525.961122244489,-231.0,-353.8209752839011,-179.0,-616.0524382097526,-166.03887775551095,174.82097528390108,191.67655762265937,301
526.3282565130261,-240.27915831663432,-379.1764529058096,-178.75380761523044,-679.8104208416783,-166.0,200.42264529057914,171.0706782894553,302
526.6953907815632,-243.30460921843678,-384.94889779558616,-178.47845691382759,-694.654559118224,-166.0,206.47044088175858,172.0718476512552,302
527.0625250501002,-236.72805611224226,-399.8437875751504,-178.93747494989975,-731.2032565130263,-165.93747494989975,220.90631262525062,189.03073884083636,302
527.4296593186373,-243.51342685370764,-410.43807615230435,-178.57034068136272,-758.2396793587168,-165.57034068136272,231.86773547094162,175.02217131575173,302
527.7967935871744,-244.81551102204418,-369.1609552438237,-178.20320641282558,-655.597578490321,-165.20320641282558,190.95774883099813,178.1254437896155,302
528.1639278557114,-240.45911823647253,-405.9991983967968,-178.0,-747.9979959919921,-165.0,227.99919839679683,191.45821614776142,304
528.5310621242486,-243.2344689378757,-412.3572144288707,-177.82064128256496,-764.1620741483293,-165.0,234.53657314630573,183.27243315336443,304
528.8981963927856,-236.65270541082157,-402.42915831663663,-177.17815631262516,-740.3056613226538,-165.0,225.25100200401147,190.6750765811873,304
529.2653306613227,-240.2081362725451,-407.20835671342667,-176.73466933867735,-752.9188877755507,-164.73466933867735,230.47368737474932,188.0381092799091,304
529.6324649298598,-244.7621242484969,-389.53597194388965,-176.5053607214428,-709.0818887775599,-164.3675350701402,213.03061122244685,187.6116199834441,304
529.9995991983968,-215.03647294588916,-388.97760521042244,-175.00040080160318,-709.9434118236513,-164.00040080160318,213.97720440881926,206.39165214656703,304
530.366733466934,-246.43520374080958,-393.7204408817569,-176.63326653306603,-719.3512024047932,-164.0,217.08717434869084,188.36708761612687,306
530.733867735471,-241.97715430861717,-376.14979959918855,-176.266132264529,-675.9753006011779,-164.0,199.88366733465955,190.5879688206293,306
531.101002004008,-239.53817635270514,-372.19599198396884,-176.0,-666.489979959922,-163.89899799599198,196.19599198396884,193.92583192650304,306
531.4681362725452,-247.26593186372742,-396.11703406813626,-176.0,-726.2925851703407,-163.53186372745483,220.11703406813626,185.82581526950972,306
531.8352705410822,-237.88120240480959,-395.3265531062123,-176.0,-724.3163827655308,-163.1647294589178,219.32655310621232,195.6131401553498,306
532.2024048096193,-237.16633266535416,-350.80060120240483,-175.19939879759517,-614.2024048096193,-162.79759519038066,175.60120240480967,184.42278387968256,306
532.5695390781564,-243.93046092184363,-354.3228456913827,-175.1076152304609,-623.1456913827654,-162.43046092184363,179.21523046092182,175.985934210529,306
532.9366733466934,-214.84909819638904,-350.76322645290566,-175.01583166332665,-614.3843186372742,-162.0633266533066,175.747394789579,181.75998765021836,306
533.3038076152305,-241.34809619238473,-386.43356713426874,-174.46833667334656,-704.381412825652,-162.0,211.96523046092219,176.83763918640054,306
533.6709418837676,-239.38603874415497,-389.8354709418838,-174.0822645290581,-713.4652805611223,-162.0,215.75320641282568,177.5197533424815,306
534.0380761523047,-229.9619238476953,-361.31362725451254,-173.9619238476953,-642.3411823647384,-161.9619238476953,187.35170340681725,194.6530980682085,307
534.4052104208417,-239.59478957915826,-388.0585170340589,-173.59478957915826,-709.7541082164099,-161.59478957915826,214.46372745490066,181.5943776637013,307
534.7723446893788,-239.22765531062123,-378.03707414829614,-173.22765531062123,-685.2512024048085,-161.22765531062123,204.8094188376749,185.24499365988697,307
535.1394789579159,-228.8605210420841,-341.1053707414886,-172.43026052104204,-594.1180360721585,-160.8605210420841,168.67511022044658,179.075977654341,307
535.5066132264529,-230.0,-378.37895791583236,-172.24669338677353,-687.5773547094207,-160.49338677354706,206.13226452905883,169.98564688202754,307
535.8737474949901,-223.72545090178482,-342.82965931862543,-172.06312625250496,-598.9794589178061,-160.12625250500992,170.76653306612047,181.76372422959068,307
536.2408817635271,-234.34388777555944,-359.63376753505725,-171.7591182364729,-641.4457414829337,-159.7591182364729,187.87464929858436,189.60121538219425,308
536.6080160320641,-234.78396793587171,-365.1192384769532,-171.39198396793586,-655.7101202404792,-159.39198396793586,193.72725450901737,184.96723316664946,308
536.9751503006013,-220.8739478957703,-343.0372745490981,-171.02484969939871,-601.0559118236472,-159.02484969939871,172.01242484969936,193.3437504496558,308
537.3422845691383,-239.84843019372073,-399.9932865731463,-172.0,-741.9832164328657,-159.0,227.9932865731463,186.4301665927626,308
537.7094188376753,-239.59686038744155,-418.5541082164317,-172.0,-788.3852705410793,-159.0,246.5541082164317,193.0776293070708,308
538.0765531062125,-233.18116232467037,-424.5869739479069,-172.0,-803.4674348697673,-159.0,252.58697394790693,203.6796847076356,308
538.4436873747495,-239.77815631262524,-433.6390781563126,-172.0,-826.0976953907816,-159.0,261.6390781563126,189.04874900111122,308
538.8108216432867,-235.82204408817614,-411.71132264530524,-172.0,-771.2783066132631,-159.0,239.71132264530524,191.65791748466063,308
539.1779559118237,-226.91102204408816,-340.4773547094162,-171.20020040080163,-594.393086172338,-158.8220440881763,169.27715430861457,190.03632671436984,308
539.5450901803607,-226.45490981963928,-353.86472945891785,-171.44138276553107,-627.499749498998,-158.45490981963928,182.42334669338678,179.31249874508146,308
539.9122244488979,-215.64929859717427,-322.18867735467944,-171.0658316633266,-548.8729458917087,-158.08777555110214,151.12284569135284,181.3705975274819,308
540.2793587174349,-219.39058116232434,-344.1406813627225,-171.0,-603.8517034068062,-158.0,173.1406813627225,166.18363906243653,309
540.646492985972,-223.0,-350.2501002003621,-171.0,-619.1252505009053,-158.0,179.2501002003621,166.73614361470413,309
541.0136272545091,-210.0885771543089,-326.98637274549094,-170.98637274549094,-560.9863727454909,-157.98637274549094,156.0,179.55631466838344,310
541.3807615230461,-225.09619238476955,-351.98196392785485,-170.71442885771543,-623.883266533064,-157.6192384769539,181.26753507013942,170.22329424515942,310
541.7478957915832,-226.12605210420838,-342.4933867735532,-170.43907815631258,-600.5748496994141,-157.25210420841677,172.05430861724062,175.41739947407558,310
542.1150300601203,-223.90460921844715,-329.46163756084036,-170.44248496993987,-567.990366447191,-157.0,159.0191525909005,185.78808556340346,311
542.4821643286574,-233.60414161656635,-365.3793587174531,-170.2589178356713,-658.0600200401258,-157.0,195.1204408817818,162.40770415510553,311
542.8492985971944,-232.75470941883418,-332.43836816489966,-170.07535070140278,-575.982894360145,-157.0,162.36301746349687,161.9773641121375,311
543.2164328657315,-235.86573146292585,-353.25551102204406,-170.0,-628.1387775551102,-156.78356713426854,183.25551102204406,177.1153010039881,311
543.5835671342686,-237.1246492985971,-381.49819639279724,-170.0,-698.745490981993,-156.4164328657314,211.49819639279724,177.90499531924507,311
543.9507014028056,-224.0,-373.0669338677352,-170.0,-677.6673346693381,-156.04929859719437,203.0669338677352,193.28480787962167,311
544.3178356713427,-226.0,-360.81322645290834,-169.68216432865734,-647.5098196392848,-155.68216432865734,191.131062124251,170.90840535521377,311
544.6849699398798,-223.3150300601202,-364.35931863727563,-169.3150300601202,-656.9257515030088,-155.3150300601202,195.04428857715544,171.6966059969543,311
545.0521042084168,-207.0,-317.9739478957916,-168.94789579158316,-541.5130260521042,-154.94789579158316,149.02605210420842,174.92678382725833,311
545.419238476954,-224.0,-360.76513026053635,-168.58076152304602,-649.0416833667718,-154.58076152304602,192.18436873749033,168.0030162156157,311
545.786372745491,-217.213627254509,-373.4747494990005,-168.213627254509,-681.3664328657378,-154.213627254509,205.2611222444915,178.9150710658467,311
546.153507014028,-222.84649298597196,-381.44749498998135,-167.0,-703.1187374749534,-153.84649298597196,214.44749498998135,186.64680637348795,311
546.5206412825652,-222.21563126252317,-379.3912491649862,-167.0,-697.9781229124656,-153.47935871743482,212.39124916498622,181.0568635910611,311
546.8877755511022,-213.67535070140104,-348.9879759519034,-166.9438877755511,-622.0541082164319,-153.1122244488978,182.04408817635232,190.50991028602195,311
547.2549098196394,-217.0,-330.6581162324766,-166.5,-576.8952905811914,-153.0,164.15811623247657,177.8970871219314,311
547.6220440881764,-217.0,-360.3286573146242,-166.37795591182362,-651.2547094188251,-153.0,193.95070140280058,172.96248101832404,311
547.9891783567134,-202.0,-320.70340681362836,-166.0,-552.7585170340709,-153.0,154.70340681362836,186.19907264271248,311
548.3563126252506,-210.52491649966592,-348.11723446895724,-166.0,-621.293086172393,-152.64368737474945,182.11723446895724,181.15834427050507,311
548.7234468937876,-208.59569138276552,-347.6132264529036,-166.0,-620.0330661322589,-152.27655310621242,181.61322645290358,179.4973313761018,311
549.0905811623247,-207.35871743487087,-323.29338677354235,-166.0,-559.2334669338559,-152.90941883767528,157.29338677354235,183.61312071429109,311
549.4577154308618,-210.0,-364.2850701402824,-166.0,-661.712675350706,-152.54228456913825,198.28507014028241,172.17019753398543,311
549.8248496993988,-207.30572255622357,-324.4793730317794,-166.0,-562.1984325794485,-152.17515030060122,158.4793730317794,179.67168212117653,311
550.1919839679359,-207.0,-332.4611890447589,-165.5504208416833,-582.8273413493723,-151.80801603206407,166.9107682030756,171.50517260603073,311
550.559118236473,-210.49398797595217,-357.4649298597184,-165.22044088176352,-645.8316633266506,-151.44088176352705,192.24448897795486,159.3120655596451,311
550.9262525050101,-206.23607214428307,-310.53687374749495,-165.03687374749495,-528.786873747495,-151.0737474949899,145.5,170.97029691206578,311
551.2933867735471,-206.70661322645287,-321.11806470083025,-165.0599198396793,-555.2052819925566,-151.0,156.05814486115094,174.88506693463776,311
551.6605210420842,-206.33947895791584,-320.9082736902376,-165.0,-554.770684225594,-151.0,155.9082736902376,171.9818616691249,311
552.0276553106213,-198.0,-307.9723446893787,-164.9723446893787,-522.4723446893787,-151.0,143.0,189.92958141731535,311
552.3947895791583,-203.61122244489104,-342.5370741482961,-164.60521042084167,-609.4348697394778,-151.0,177.9318637274544,170.72133245458255,311
552.7619238476955,-204.23807615230453,-319.897938734612,-164.23807615230453,-553.3877326080733,-151.0,155.65986258230748,170.6407763820309,311
553.1290581162325,-203.741883767535,-305.9505010020025,-164.0,-518.8762525050063,-150.8709418837675,141.9505010020025,173.5799390891027,311
553.4961923847695,-205.02284569138283,-319.1112224448898,-164.0,-551.7780561122245,-150.50380761523047,155.1112224448898,172.21105840591554,311
553.8633266533067,-201.26653306613343,-309.6366733466933,-164.0,-528.0916833667334,-150.13667334669333,145.63667334669333,181.28874795257553,311
554.2304609218437,-202.61923847695374,-311.5155310621227,-163.90447561790245,-532.9321142284531,-150.0,147.61105544422026,173.9660101446793,312
554.5975951903808,-200.3048096192383,-326.09148296590996,-163.40240480961916,-570.1251002003462,-150.0,162.6890781562908,169.19555067138504,312
554.9647294589179,-193.28737474949764,-301.00881763527053,-163.03527054108213,-507.96913827655317,-150.0,137.9735470941884,181.07125771935694,312
555.3318637274549,-205.0008266533066,-356.3585170340647,-163.08406813627255,-646.2701903807529,-149.0,193.27444889779213,164.54357450427037,312
555.698997995992,-204.0,-357.56683366729425,-163.0,-649.4170841682355,-149.0,194.56683366729425,163.9014180411543,312
556.0661322645291,-195.96693386773546,-308.9338677354709,-162.93386773547093,-527.9338677354709,-148.93386773547093,146.0,176.13821806546804,312
556.4332665330662,-203.1837675350696,-363.04378757515815,-162.56673346693378,-663.7593687374947,-148.56673346693378,200.47705410822437,167.0212176166973,312
556.8004008016032,-202.0,-354.41372745491117,-162.19959919839675,-642.7349198396828,-148.19959919839675,192.2141282565144,177.0433408863809,312
557.1675350701403,-204.38449398797596,-311.4371743486974,-162.95811623246493,-534.1557615230461,-148.83246492985973,148.47905811623247,173.07869384357858,312
557.5346693386774,-203.99441382765525,-363.29271042085645,-162.88366733466935,-663.9062750501371,-148.46533066132258,200.4090430861871,165.44697640378524,312
557.9018036072144,-199.99899799599098,-318.8374749498921,-163.45541082164334,-551.9105711422653,-148.09819639278555,155.38206412824877,185.35291890360168,312
558.2689378757516,-203.89959919839805,-321.5860721442944,-163.6155310621242,-558.5418837675497,-147.7310621242484,157.9705410821702,183.19847267289973,312
558.6360721442886,-207.1771543086179,-332.7707414829727,-163.63607214428862,-586.4727454909988,-147.36392785571138,169.1346693386841,178.5157610919546,312
559.0032064128256,-194.25651302605183,-303.99679358717435,-163.0064128256513,-515.4823647294589,-146.99679358717435,140.99038076152306,182.8484888523398,313
559.3703406813628,-202.0,-315.0,-164.0,-541.5,-146.6296593186372,151.0,167.58455122871703,313
559.7374749498998,-201.0,-309.0,-164.0,-526.5,-146.26252505010018,145.0,168.825073916321,313
560.104609218437,-194.44769539078152,-307.3023046092185,-164.0,-522.2557615230462,-145.89539078156304,143.30230460921848,183.52091178517796,314
560.471743486974,-197.84028056112288,-335.15410821643593,-164.0,-591.8852705410898,-145.528256513026,171.15410821643593,173.21452378218808,314
560.838877755511,-196.32224448897796,-301.0703607214432,-164.0,-506.675901803608,-145.16112224448898,137.0703607214432,179.05891088303426,314
561.2060120240482,-202.22324649298736,-301.23446893788685,-164.20601202404816,-506.77715430864487,-144.79398797595184,137.02845691383868,171.3151733711053,314
561.5731462925852,-200.19759519038072,-322.7860721442905,-164.5731462925852,-560.1054609218484,-144.4268537074148,158.21292585170528,166.4834838574644,314
561.9402805611223,-194.02985971943883,-300.30971943887766,-164.94028056112234,-503.36387775551066,-144.05971943887766,135.36943887775533,177.87481741264295,314
562.3074148296594,-194.118436873747,-300.8931863727449,-164.69258517034064,-505.1940881763512,-143.69258517034064,136.20060120240424,174.58130453564735,314
562.6745490981964,-194.1418837675351,-302.35150300601197,-164.3254509018036,-509.3905811623245,-143.3254509018036,138.02605210420836,173.26150048711833,314
563.0416833667335,-187.91663326653293,-281.31940547762173,-163.45553607214347,-458.1152095858391,-142.95831663326646,117.86386940547825,177.6673070686268,314
563.4088176352706,-191.07515030060057,-301.5050100200468,-163.3270290581162,-508.77198146294273,-142.59118236472943,138.17798096193061,160.8052778659858,314
563.7759519038077,-190.86072144288437,-289.58767535066704,-162.83504509018027,-479.7166207413972,-142.2240480961923,126.75263026048677,161.09517513191378,314
564.1430861723447,-197.58196392785794,-301.9123246493027,-163.69594188376743,-509.23689879760565,-142.0,138.2163827655353,171.79145058256776,314
564.5102204408818,-196.38628685943314,-332.69889779559117,-163.12244488977956,-587.0635771543086,-142.0,169.5764529058116,158.67205714981577,314
564.8773547094189,-194.78913827654435,-288.9318637274499,-163.03066132264527,-477.7836673346569,-142.0,125.90120240480465,171.16963069726884,314
565.2444889779559,-189.75551102204406,-294.6883767535067,-161.37775551102203,-494.6543086172337,-140.75551102204406,133.31062124248467,161.09114128460902,315
565.6116232464931,-191.38837675350692,-296.3883767535069,-160.74273547094182,-499.8568386773546,-140.38837675350692,135.6456412825651,157.9889221228468,315
565.9787575150301,-186.0,-270.2182364729382,-161.01062124248494,-434.0296593186181,-140.0212424849699,109.20761523045326,174.83365676567286,315
566.3458917835671,-195.30821643286572,-309.1198396793586,-161.15410821643286,-531.0684368737473,-139.65410821643286,147.96573146292576,171.683022459503,315
566.7130260521043,-195.0,-296.3673747495009,-161.28697394789572,-498.98797595190877,-139.28697394789572,135.0804008016052,168.4551491656879,315
567.0801603206413,-189.0,-261.59919839679344,-159.9198396793587,-414.11823647294557,-139.0,101.67935871743475,165.48132488931174,315
567.4472945891783,-191.65811623246498,-290.52865731462697,-159.55270541082166,-486.9925851703349,-139.0,130.9759519038053,153.0642476802917,315
567.8144288577155,-191.18557114228452,-272.0925851703432,-159.18557114228452,-441.4531062124313,-139.0,112.90701402805871,161.37141682386547,315
568.1815631262525,-192.05227598053247,-286.9563126252533,-157.90921843687374,-480.52695390782264,-138.8184368737475,129.04709418837956,169.88659032795135,315
568.5486973947897,-191.0,-306.08847695390773,-157.60836673346682,-528.808642284569,-138.45130260521034,148.4801102204409,159.81390599045093,315
568.9158316633267,-186.0,-282.70741482966093,-157.34118236472943,-470.7567635270582,-138.08416833667332,125.3662324649315,173.09665572904692,315
569.2829659318637,-191.7170340681363,-289.0,-158.05631262525043,-485.4155310621244,-138.0,130.94368737474957,165.30395864884633,315
569.6501002004009,-191.34989979959914,-296.34989979959914,-158.52484969939871,-503.0874749498998,-138.0,137.82505010020043,158.72570173523164,315
570.0172344689379,-180.96553106212423,-268.89498997996225,-156.0,-438.2374749499056,-137.9827655310621,112.89498997996225,179.47493078228638,315
570.384368737475,-188.23126252504994,-300.50901803605694,-156.3103763081724,-516.8069806278837,-137.61563126252497,144.19864172788454,167.13144255444885,315
570.7515030060121,-187.49699398797588,-296.82164328656347,-156.12424849699397,-507.86773547091775,-137.24849699398794,140.6973947895695,178.67952006946072,315
571.1186372745491,-183.91529726118912,-258.94068136272546,-155.8813627254509,-413.5296593186373,-137.0,103.05931863727454,174.6745637339574,315
571.4857715430862,-187.27134268537066,-289.65200400801086,-155.51422845691377,-490.8586673346565,-137.0,134.1377755510971,162.34675877447086,315
571.8529058116233,-186.7206412825651,-266.0420841683374,-154.8774883099532,-432.78897795591365,-137.0,111.16459585838419,173.0312156280728,315
572.2200400801604,-184.7799599198396,-270.9478957915789,-153.8899799599198,-446.53476953906755,-136.7799599198396,117.0579158316591,163.32843351324814,315
572.5871743486974,-185.0,-282.2064128256513,-153.89601425072365,-474.67201068804275,-136.41282565130257,128.31039857492763,158.98141296173745,315
572.9543086172345,-179.0,-265.54569138276554,-153.04569138276554,-434.29569138276554,-136.04569138276554,112.5,175.90804493166235,315
573.3214428857716,-184.0,-305.1456913827774,-152.196392785571,-534.5696392785869,-136.0,152.9492985972064,166.81029713049793,315
573.6885771543086,-182.0,-304.0669338677312,-151.8235470941883,-532.4320140280456,-136.0,152.2433867735429,173.4542361726561,315
574.0557114228457,-178.9943887775562,-253.02785571142283,-151.3621242484968,-405.5264529058119,-136.0,101.66573146292603,183.02405298637973,315
574.4228456913828,-183.5771543086172,-278.37875751503424,-151.16382765531057,-469.20115230461977,-136.0,127.21492985972367,173.47420553909748,315
574.7899799599198,-183.21002004008017,-263.25250501002085,-150.87251169004676,-431.822494989982,-136.0,112.37999331997409,177.83774807436498,315
575.157114228457,-183.84288577154302,-267.6821643286805,-150.84288577154302,-442.9410821643868,-135.84288577154302,116.8392785571375,163.55137409280334,315
575.524248496994,-184.475751503006,-288.762124248497,-150.475751503006,-496.1916833667335,-135.475751503006,138.286372745491,158.59262536075883,315
575.891382765531,-183.10861723446897,-260.41202404809655,-150.05430861723448,-425.94859719438966,-135.10861723446897,110.35771543086207,177.24770242716005,315
576.2585170340682,-174.74148296593182,-259.7119238476934,-149.0,-425.77980961923356,-135.0,110.71192384769341,155.80650320443843,316
576.6256513026052,-173.96142284569143,-268.6855711422855,-149.0,-448.2139278557137,-135.0,119.68557114228548,152.93980331333438,316
576.9927855711423,-164.00360721442883,-239.886372745492,-148.01803607214413,-377.6888777555138,-135.0,91.86833667334787,173.42759280943378,316
577.3599198396794,-176.1799599198397,-285.4815631262521,-148.98200400801602,-490.2309018036063,-135.0,136.4995591182361,155.3250795105513,316
577.7270541082164,-175.8635270541082,-262.1128256513052,-148.52414829659335,-432.4958416833729,-135.0,113.58867735471182,167.7757383035615,316
578.0941883767536,-181.95290581162322,-275.1928857715459,-148.58587174348696,-465.10340681363425,-135.0,126.60701402805893,190.48358834693124,316
578.4613226452906,-182.1926853707415,-319.5210420841685,-148.0,-576.8026052104212,-135.0,171.52104208416853,180.9708699915148,316
578.8284569138277,-179.46743486973764,-290.90120240477563,-147.9393286573146,-505.3440130259672,-135.0,142.96187374746103,194.19345025473737,316
579.1955911823648,-172.31543086172337,-272.74028056112377,-147.10606212424847,-461.19160821643675,-135.0,125.6342184368753,183.4415174843393,316
579.5627254509018,-173.0,-277.7192384769587,-146.61678356713432,-474.3729208416953,-135.0,131.1024549098244,180.13792892302652,316
579.9298597194389,-168.1062124248396,-245.10320641281734,-146.07014028056108,-393.65280561120176,-135.0,99.03306613225627,190.084332049683,316
580.296993987976,-166.925751503006,-256.8142785571142,-145.70300601202405,-423.4811873747495,-134.70300601202405,111.11127254509017,154.14098805435478,316
580.6641282565131,-166.83396793587173,-244.33396793587173,-145.83396793587173,-392.0839679358717,-134.3358717434869,98.5,156.24951289415876,316
581.0312625250501,-164.28124248496994,-233.96873747494988,-145.0,-367.4218436873747,-133.96873747494988,88.96873747494988,177.18992814693493,316
581.3983967935872,-164.69919839679358,-239.86993987976044,-144.9004008016032,-382.32424849699623,-133.60160320641285,94.96953907815723,160.24934118153234,316
581.7655310621243,-163.9619238476949,-229.5864228456803,-144.64829659318644,-356.99361222442104,-133.2344689378757,84.93812625249384,159.49064722820657,316
582.1326653306613,-165.60200400801602,-250.79478957915808,-144.86733466933867,-409.6859719438872,-133.0,105.9274549098194,170.56697772830609,317
582.4997995991985,-166.00040080160306,-287.0,-144.50020040080153,-500.7496993987977,-133.0,142.49979959919847,157.86818408178638,317
582.8669338677355,-165.266132264529,-244.14108216432942,-144.1330661322645,-394.1531062124268,-133.0,100.00801603206492,167.5163015799695,317
583.2340681362725,-168.40320641282642,-265.05250501001274,-143.29779559118242,-447.6845691382582,-133.0,121.75470941883032,175.1808098995092,317
583.6012024048097,-166.39278557114199,-269.39879759519033,-143.0,-458.9969939879758,-133.0,126.39879759519033,173.257564261394,317
583.9683366733467,-164.0,-245.59959919839378,-142.70888443553773,-399.93567134267784,-133.0,102.89071476285605,188.42696596680724,317
584.3354709418838,-166.85791583166417,-262.0,-141.99358717434848,-442.0096192384773,-132.66452905811616,120.00641282565152,175.73804685978436,317
584.7026052104209,-165.0,-258.9182364729461,-141.29739478957913,-435.34949899799653,-132.29739478957913,117.62084168336696,173.72719933433896,317
585.0697394789579,-157.9302605210421,-222.39599198396832,-139.0,-347.4899799599208,-132.0,83.39599198396832,171.90626224807386,317
585.436873747495,-157.56312625250496,-262.0,-139.0,-446.5,-132.0,123.0,160.38590497742464,317
585.8040080160321,-157.19599198396793,-227.7939879759519,-139.0,-360.98496993987976,-132.0,88.7939879759519,172.1492507563971,317
586.1711422845692,-157.0,-221.9899799599225,-138.8288577154308,-346.73166332666005,-131.8288577154308,83.16112224449171,166.42419458958537,317
586.5382765531062,-157.46172344689376,-231.6316633266506,-138.46172344689376,-371.38657314628585,-131.46172344689376,93.16993987975684,156.92691145840513,317
586.9054108216433,-156.0,-218.0,-138.09458917835673,-337.8581162324649,-131.09458917835673,79.90541082164327,163.03581703146347,317
587.2725450901804,-158.07615230460908,-261.73046092184273,-138.0,-447.3261523046068,-130.72745490981958,123.73046092184273,165.26236908891585,318
587.6396793587174,-156.63967935871744,-276.007114228457,-137.86032064128256,-483.22730460921866,-130.36032064128256,138.14679358717444,164.74840025769694,318
588.0068136272546,-151.3100200400837,-218.50511022044094,-137.0,-340.7627755511023,-129.9931863727454,81.50511022044094,176.8588620438441,318
588.3739478957916,-155.2147094188376,-243.07775551102156,-137.0,-402.1943887775539,-129.62605210420838,106.07775551102156,165.01959968278535,318
588.7410821643286,-155.18480961923848,-235.2735470941895,-136.54128256513027,-383.37194388777834,-129.25891783567135,98.73226452905922,173.7876831376213,318
589.1082164328658,-155.22945891783553,-220.64879759520107,-136.1513026052104,-347.3950400801871,-129.0,84.49749498999068,193.5275465362872,318
589.4753507014028,-154.16408817635266,-246.61803607214364,-136.0,-412.5450901803591,-129.0,110.61803607214364,177.53108164249724,318
589.84248496994,-152.62645290581054,-226.8257515029719,-136.0,-363.0643787574298,-129.0,90.82575150297191,180.36190040339926,318
590.209619238477,-150.790380761523,-241.72745490983334,-135.790380761523,-400.63306613229884,-128.790380761523,105.93707414831033,174.74643132284888,318
590.576753507014,-150.42324649298598,-253.6665330661308,-135.42324649298598,-431.031462925848,-128.42324649298598,118.24328657314481,169.0899776614539,318
590.9438877755512,-148.3597194388779,-211.37625250500253,-135.05611222444884,-325.85646292583306,-128.05611222444884,76.32014028055369,186.03804961013196,318
591.3110220440882,-149.68356713426851,-239.2701903807614,-135.0,-395.6754759519035,-128.0,104.27019038076139,150.46564804897898,318
591.6781563126253,-148.77730460921833,-227.89368737474933,-135.0,-367.23421843687333,-128.0,92.89368737474933,156.0781445480253,318
592.0452905811624,-147.45470941883764,-209.27985971943724,-134.87065130260515,-320.89367234468534,-127.95470941883764,74.40920841683209,190.24661826102658,318
592.4124248496994,-149.78817635270548,-243.96182364729452,-134.39760521042086,-408.308151302605,-127.58757515030061,109.56421843687366,171.1977973623456,318
592.7795591182365,-147.8907815631244,-242.29709418837646,-134.01062124248494,-404.7268036072137,-127.22044088176347,108.28647294589152,175.56424037318092,318
593.1466933867736,-149.83987975951896,-234.16042084168768,-133.85330661322644,-384.62109218437956,-127.0,100.30711422846124,186.9379397452359,318
593.5138276553107,-149.74308617234465,-257.5262747717668,-133.4861723446893,-443.58642841238304,-127.0,124.0401024270775,173.70824180108036,318
593.8809619238477,-148.47615230460906,-218.40901803606505,-133.11903807615226,-346.3439879759342,-127.0,85.28997995991278,183.26163922976352,318
594.2480961923848,-146.46573146292576,-259.0296593186372,-132.75190380761524,-448.4462925851701,-125.75190380761524,126.27775551102195,192.36498795184824,318
594.6152304609219,-146.48096192384762,-265.8652304609219,-132.3847695390781,-466.08592184368763,-125.38476953907809,133.48046092184381,191.37858575619376,318
594.9823647294589,-143.01939879759516,-216.43136272544703,-132.01763527054106,-343.05195390780597,-125.01763527054106,84.41372745490597,206.0396938090496,318
595.3494989979961,-146.40300601202352,-281.437675350697,-132.0,-505.5941883767425,-124.65050100200392,149.43767535069702,189.1804472749791,318
595.7166332665331,-144.04208416833615,-259.097294589166,-132.0,-449.743236472915,-124.28336673346689,127.09729458916598,190.04045463523548,318
596.0837675350701,-139.10340681362726,-198.8481963927856,-131.0812689706899,-300.49858752592917,-124.0,67.7669274220957,198.17901554525685,318
596.4509018036073,-139.50367401469572,-225.55711422846656,-131.0,-367.3927855711664,-124.0,94.55711422846656,177.27189421932349,318
596.8180360721443,-138.1819639278557,-212.9599198396721,-131.0,-335.89979959918026,-124.0,81.9599198396721,178.15492239180298,318
597.1851703406815,-139.8889779559113,-212.81983967938424,-130.81482965931855,-335.8273547094828,-123.81482965931855,82.0050100200657,198.09249356870757,318
597.5523046092185,-137.87234468937822,-221.4769539078152,-130.44769539078152,-358.0208416833657,-123.44769539078152,91.02925851703367,195.78365282419102,318
597.9194388777555,-136.3507014028056,-206.4895791583167,-130.0805611222445,-321.103106212425,-123.08056112224449,76.40901803607221,209.3576622651035,318
598.2865731462925,-136.5,-211.2530060120239,-129.71342685370746,-333.56237474949853,-123.0,81.53957915831643,192.21466680777328,318
598.6537074148297,-136.17314629258516,-229.4328657314629,-129.34629258517032,-379.5627254509018,-123.0,100.08657314629258,194.1886509747319,318
599.0208416833668,-136.3334669338692,-189.86452905811564,-128.98436873747488,-281.1847695390768,-122.97915831663317,60.880160320640755,209.5535467190225,318
599.3879759519039,-137.2240480961923,-232.8007014028023,-128.65232464929855,-389.02326653305795,-122.61202404809615,104.14837675350375,189.36396778492104,318
599.7551102204409,-135.74488977955912,-210.45270541082135,-128.275501002004,-333.71851202404736,-122.24488977955912,82.17720440881735,194.47195209583927,318
600.1222444889779,-133.55611222444782,-192.2940881763426,-127.87775551102209,-288.91858717432336,-122.0,64.41633266532051,201.6709909308194,318
600.489378757515,-133.75531062124247,-236.2950901803645,-127.51062124248494,-399.4717935871838,-122.0,108.78446893787955,183.02052890797893,318
600.8565130260522,-134.0717434869739,-202.99228456913943,-127.1434869739478,-316.76548096192687,-122.0,75.84879759519163,186.2084792629244,318
601.2236472945892,-132.71112224448893,-184.34268537074945,-126.77635270541077,-270.69218436875747,-122.53162324649293,57.56633266533868,188.41887587605592,318
601.5907815631263,-132.0,-192.85490981963937,-126.26152304609218,-292.74498997996017,-122.0910621242485,66.5933867735472,177.49352658467157,318
601.9579158316633,-130.99398797595336,-169.6107214428854,-125.45641282565163,-235.84218436873604,-121.65050100200406,44.15430861723377,186.04972579861405,318
602.3250501002004,-130.67494989979957,-184.24378757515032,-125.3791797881477,-272.54069925565426,-121.20993987975949,58.864607787002626,181.3399475702711,318
602.6921843687375,-129.9617234468938,-192.16983967935826,-125.0165187517893,-292.8998210707117,-120.76937875751506,67.15332092756896,178.8466856475064,318
603.0593186372746,-129.3643286573158,-176.45551102204405,-124.67770541082157,-254.12221943887778,-120.32881763527048,51.777805611222476,182.10556845425407,318
603.4264529058116,-128.93386773547093,-206.54228456913762,-124.23774334383052,-329.99909640709825,-119.88825651302605,82.3045412253071,162.08937347772803,318
603.7935871743487,-128.309619238477,-178.54759519038316,-123.85007515030065,-260.5938752505069,-119.4476953907816,54.69752004008251,165.47514636186196,318
604.1607214428858,-126.9196392785571,-176.0015030060183,-123.10155310621238,-255.3514278557272,-118.0,52.89994989980593,158.039971643396,318
604.5278557114228,-126.47214428857717,-185.49268537074155,-122.74120741482969,-279.61990230460935,-118.0,62.75147795591187,161.0420767058094,318
604.89498997996,-126.10501002004003,-175.73747494989993,-122.19689378757505,-256.04834669338726,-118.0,53.540581162324884,182.92275877606363,318
605.262124248497,-124.737875751503,-176.53221442885723,-121.94175851703406,-258.417898296592,-117.737875751503,54.59045591182317,175.0342203337294,318
605.629258517034,-124.37074148296597,-176.58166332665314,-121.48659819639283,-259.2242610220436,-117.37074148296597,55.09506513026031,171.2149419345384,318
605.9963927855712,-124.0,-143.7635270541081,-121.00450901803603,-177.9020541082162,-117.00360721442883,22.759018036072064,185.4158411035673,318
606.3635270541082,-123.6364729458918,-161.39308617234548,-121.0,-221.9827154308637,-117.0,40.39308617234548,161.45084086779138,318
606.7306613226453,-122.81112224448887,-161.0722277889111,-121.0,-221.18056947227777,-117.0,40.07222778891111,169.70567031541617,318
607.0977955911824,-122.19417724337563,-162.3926352705447,-120.28627254509016,-225.5521793587265,-117.0,42.106362725454545,163.66642957270042,318
607.4649298597194,-122.0,-181.37625250501185,-120.0116900467602,-273.4230961923893,-117.0,61.364562458251655,147.16916035959628,318
607.8320641282565,-121.61783567134259,-171.678657314621,-120.0,-249.1966432865525,-117.0,51.678657314621006,159.27629733062653,318
608.1991983967936,-121.65090180360723,-169.5589679358722,-119.80080160320642,-244.19621743487087,-117.0,49.75816633266578,169.2430545592333,318
608.5663326653307,-121.23787575150294,-159.28316633266536,-119.43366733466928,-219.05741482965948,-117.0,39.84949899799608,148.81367245274785,318
608.9334669338677,-121.03326653306613,-148.5779559118182,-119.06653306613225,-192.84509018034714,-117.0,29.511422845685956,153.71407033837858,318
609.3006012024048,-120.69939879759522,-158.54559118236364,-118.69939879759522,-218.31487975951626,-116.69939879759522,39.846192384768415,149.24052023630747,318
609.6677354709419,-120.0,-150.5,-118.33226452905808,-198.75160320641288,-116.33226452905808,32.16773547094192,151.48731302417195,318
610.034869739479,-119.96513026052105,-135.5356713426824,-118.0,-161.83917835670601,-116.0,17.535671342682406,177.71406110047263,318
610.4020040080161,-119.59799599198391,-161.9230460921813,-118.0,-227.80761523045322,-116.0,43.923046092181295,154.7364632226595,318
610.7691382765531,-119.23086172344688,-158.43577154308406,-118.0,-219.08942885771015,-116.0,40.43577154308406,161.2039228522631,318
611.1362725450902,-118.86372745490985,-135.75050100200417,-117.86372745490985,-162.58066132264565,-116.0,17.88677354709432,160.98957640603862,318
611.5034068136273,-118.4965931863727,-136.06813627254587,-117.4965931863727,-163.92545090180562,-116.0,18.571543086173165,146.4303125510451,318
611.8705410821643,-118.12945891783568,-130.03867735470985,-117.12945891783568,-149.40250501002112,-116.0,12.90921843687417,158.19259929953097,318
612.2376753507015,-118.0,-138.00921843687593,-117.0,-169.52304609218982,-116.0,21.009218436875926,168.27332205892316,318
612.6048096192385,-118.0,-150.61853707414855,-117.0,-201.04634268537137,-116.0,33.61853707414855,166.23849615662382,318
612.9719438877755,-118.0,-135.46543086172755,-117.0,-163.1635771543189,-116.0,18.465430861727555,181.86004732246738,318
613.3390781563127,-118.0,-139.4353707414825,-117.0,-173.08842685370627,-115.66092184368733,22.4353707414825,162.80435643794738,318
613.7062124248497,-118.0,-137.58346693386795,-117.0,-168.45866733466988,-115.2937875751503,20.583466933867953,170.35210043981485,318
614.0733466933868,-117.92665330661316,-145.38637274550982,-117.0,-187.96593186377453,-115.0,28.386372745509817,183.99428623084117,318
614.4404809619239,-117.55951903807613,-141.42845691382718,-117.0,-178.07114228456794,-115.0,24.428456913827176,168.2812269780197,318
614.8076152304609,-117.1923847695391,-142.3557114228488,-117.0,-180.389278557122,-115.0,25.3557114228488,177.6813923285181,318
615.174749498998,-117.0,-131.69108216433239,-116.82525050100196,-153.98982965932802,-115.0,14.865831663330425,185.31127083048946,318
615.5418837675351,-117.0,-144.94769539078163,-116.45811623246493,-187.68206412825668,-115.0,28.4895791583167,177.41948658832715,318
615.9090180360722,-117.0,-124.0287575150245,-116.09098196392779,-135.93542084166955,-115.0,7.937775551096706,186.08130956123708,318
616.2761523046092,-117.0,-160.95603935142978,-116.72384769539076,-227.30432683548833,-114.72384769539076,44.23219165603902,191.4749497867347,318
616.6432865731463,-117.0,-160.55278739296745,-116.35671342685373,-226.84689834213802,-114.35671342685373,44.196073966113715,190.89101964780045,318
617.0104208416834,-117.0,-124.11503006015377,-116.0,-136.28757515038444,-114.0,8.11503006015377,206.86881859328287,318
617.3775551102204,-117.0,-211.4586172344691,-116.0,-354.64654308617276,-114.0,95.4586172344691,198.5299136498599,318
617.7446893787576,-117.0,-212.88078156310834,-116.0,-358.20195390777087,-114.0,96.88078156310834,207.59974641459695,318
618.1118236472946,-117.0,-173.7537074148422,-116.0,-260.3842685371055,-114.11182364729461,57.75370741484221,217.05232313879773,318
618.4789579158316,-117.0,-230.41082164328856,-116.0,-402.02705410822136,-114.47895791583164,114.41082164328856,213.64305720246247,318
618.8460921843688,-117.0,-190.14138276552578,-116.0,-301.35345691381445,-114.84609218436879,74.14138276552578,219.7871975679425,318
619.2132264529058,-117.0,-211.46084669338646,-116.0,-354.6521167334662,-115.0,95.46084669338646,223.95416663230571,318
619.580360721443,-117.0,-244.44028056113325,-116.0,-437.1007014028331,-115.0,128.44028056113325,221.22927166248263,318
619.94749498998,-117.0,-196.52625250501,-116.0,-317.315631262525,-115.0,80.52625250501,227.27203450193025,318
620.314629258517,-117.0,-223.14554108216646,-116.0,-383.86385270541615,-115.0,107.14554108216646,232.2145819732581,318
620.6817635270542,-117.0,-216.8787575150266,-116.0,-368.1968937875665,-115.0,100.87875751502659,234.42696096537964,318
621.0488977955912,-116.95110220440881,-215.4395040080164,-116.0,-364.598760020041,-115.0,99.4395040080164,241.7007634133746,318
621.4160320641283,-116.58396793587167,-280.5814629258458,-116.0,-527.4536573146145,-115.0,164.5814629258458,237.8128309459433,318
621.7831663326654,-116.21683366733464,-276.4665330661294,-116.0,-517.1663326653235,-115.0,160.4665330661294,238.52989719722245,318
622.1503006012024,-116.15030060120239,-218.5475951903809,-116.0,-372.3689879759522,-115.0,102.54759519038089,229.14898442629467,318
622.5174348697395,-116.51743486973953,-216.21513026052094,-116.0,-366.53782565130234,-115.0,100.21513026052094,222.67800835389897,318
622.8845691382766,-116.88456913827656,-188.64574148296487,-116.0,-297.6143537074122,-115.0,72.64574148296487,224.9469878986708,318
623.2517034068137,-117.0,-203.20400801603,-116.0,-334.010020040075,-115.0,87.20400801603,210.84240378682796,317
623.6188376753507,-117.0,-193.29138276553022,-116.0,-309.22845691382554,-115.0,77.29138276553022,209.0078875022149,317
623.9859719438878,-117.0,-125.64529058116977,-116.0,-140.11322645292444,-115.0,9.645290581169775,219.41916298524757,317
624.3531062124249,-117.0,-205.7473613894594,-116.0,-340.3684034736485,-115.0,89.7473613894594,216.08967564151823,317
624.7202404809619,-117.0,-216.8533066132229,-116.0,-368.1332665330573,-115.0,100.85330661322291,218.9197640949691,317
625.0873747494991,-117.0,-205.65843687374377,-116.0,-340.1460921843594,-115.0,89.65843687374377,231.62089032265334,317
625.4545090180361,-117.0,-228.4344689378733,-116.0,-397.0861723446833,-115.0,112.4344689378733,224.62481681868303,317
625.8216432865731,-117.0,-170.85410821643342,-116.0,-253.13527054108354,-115.0,54.85410821643342,225.4030212307306,317
626.1887775551103,-117.0,-127.54589178356639,-116.18877755511028,-144.58156312625056,-115.0,11.357114228456112,219.93791016657045,317
626.5559118236473,-117.0,-122.77314629258501,-116.5559118236473,-132.09899799599157,-115.0,6.217234468937704,210.90552870028716,317
626.9230460921844,-117.0,-121.59839679358129,-116.92304609218445,-128.61142284567654,-115.0,4.675350701396837,210.60347896269852,317
627.2901803607215,-117.0,-153.92545090180818,-117.0,-209.31362725452044,-115.29018036072148,36.925450901808176,201.77317736215818,316
627.6573146292585,-117.0,-150.34043086172437,-117.0,-200.35107715431093,-115.65731462925851,33.34043086172437,197.37799364091921,316
628.0244488977955,-117.02444889779554,-124.19038076150491,-117.0,-134.97595190376228,-116.0,7.190380761504912,230.98386247574487,309
628.3915831663327,-117.39158316633268,-197.83206412825456,-117.0,-319.0801603206364,-116.0,80.83206412825456,202.88406866244145,309
628.7587174348698,-117.75871743486982,-175.6316633266331,-117.0,-263.5791583165827,-116.0,58.63166332663309,194.2927281939309,309
629.1258517034069,-118.0,-154.69599198397952,-117.0,-211.2399799599488,-116.0,37.695991983979525,194.4262821520627,303
629.4929859719439,-118.0,-207.50200400801725,-117.0,-343.25501002004313,-116.0,90.50200400801725,174.52926204803103,303
629.8601202404809,-118.0,-150.30056780228318,-117.0,-200.25141950570796,-116.0,33.30056780228318,183.40169496825297,303
630.227254509018,-118.0,-178.04208416833978,-117.22725450901805,-269.2643286573224,-116.22725450901805,60.81482965932173,198.20691360714534,294
630.5943887775551,-118.0,-169.30220440882016,-117.59438877755508,-246.86392785571778,-116.59438877755508,51.70781563126508,194.76470922288615,294
630.9615230460922,-118.0,-134.7906742897527,-117.96152304609222,-160.03440115524342,-116.96152304609222,16.829151243660476,211.75677955764698,294
631.3286573146293,-118.04695104494704,-245.66933867735293,-118.0,-437.1733466933823,-117.0,127.66933867735293,219.8874538694347,285
631.6957915831663,-118.09939879759519,-221.82244488979632,-118.0,-377.5561122244908,-117.0,103.82244488979632,222.8276110836286,285
632.0629258517034,-118.15184655024335,-212.45450901803613,-118.0,-354.1362725450904,-117.0,94.45450901803613,244.11479952733868,266
632.4300601202405,-118.43006012024046,-334.47084168335664,-118.0,-659.1771042083916,-117.0,216.47084168335664,239.71204227635138,266
632.7971943887776,-118.7971943887776,-342.4247494989984,-118.0,-679.061873747496,-117.0,224.42474949899838,244.30671034808375,266
633.1643286573146,-119.0,-318.66082164328685,-118.0,-619.652054108217,-117.16432865731463,200.66082164328685,251.2969629218703,263
633.5314629258517,-119.0,-344.5691382765759,-118.0,-684.4228456914398,-117.53146292585166,226.56913827657593,250.74686914052052,263
633.8985971943888,-119.0,-326.5,-118.0,-639.25,-117.6497661990648,208.5,258.8497351361754,263
634.2657314629258,-119.0,-386.27394789579205,-118.26573146292583,-788.2862725450914,-117.71095524382098,268.0082164328662,257.5339026971638,255
634.632865731463,-119.0,-404.1727454909926,-118.45410821643287,-832.7507014028322,-117.77214428857717,285.71863727455974,257.3718122705954,255
635.0,-119.0,-461.5,-118.5,-934.0,-117.83333333333333,343.0,267.631297123856,255
