location,timestamp,direction_degrees,direction_group,final_plot_group,H,T,sea_state,sea_state_bin,bin_min,bin_max,bin_count,candidate_rank
jennettes_pier,2025-11-24 07:56:00,55.0,north_easterly_onshore,onshore,0.63,6.67,2.647323,1,0.6059519999999999,4.124064,638,1
jennettes_pier,2025-05-20 14:56:00,359.0,north_easterly_onshore,onshore,0.88,4.35,3.3686399999999996,1,0.6059519999999999,4.124064,638,2
jennettes_pier,2025-01-03 11:26:00,338.0,north_easterly_onshore,onshore,1.01,4.76,4.855676,2,4.1405,6.25,637,1
jennettes_pier,2025-04-10 16:56:00,47.0,north_easterly_onshore,onshore,1.08,4.76,5.5520640000000006,2,4.1405,6.25,637,2
jennettes_pier,2025-08-12 15:56:00,65.0,north_easterly_onshore,onshore,0.79,11.11,6.933751000000001,3,6.25,8.547056000000001,637,1
jennettes_pier,2025-12-05 07:56:00,17.0,north_easterly_onshore,onshore,1.27,4.76,7.677403999999999,3,6.25,8.547056000000001,637,2
jennettes_pier,2025-02-22 06:26:00,24.0,north_easterly_onshore,onshore,1.2,6.67,9.6048,4,8.547056000000001,11.831508000000001,638,1
jennettes_pier,2025-04-08 22:56:00,12.0,north_easterly_onshore,onshore,1.35,5.88,10.7163,4,8.547056000000001,11.831508000000001,638,2
jennettes_pier,2025-01-12 17:56:00,37.0,north_easterly_onshore,onshore,1.35,7.14,13.01265,5,11.831508000000001,15.818572,637,1
jennettes_pier,2025-01-24 20:26:00,57.0,north_easterly_onshore,onshore,1.17,10.53,14.414516999999996,5,11.831508000000001,15.818572,637,2
jennettes_pier,2025-01-10 21:26:00,37.0,north_easterly_onshore,onshore,1.45,8.33,17.513825,6,15.824255999999998,21.226799999999997,637,1
jennettes_pier,2025-05-22 12:26:00,49.0,north_easterly_onshore,onshore,1.51,8.33,18.993233,6,15.824255999999998,21.226799999999997,637,2
jennettes_pier,2025-10-05 06:56:00,62.0,north_easterly_onshore,onshore,1.45,11.11,23.358774999999998,7,21.250925999999993,28.030050000000006,638,1
jennettes_pier,2025-02-13 13:26:00,58.0,north_easterly_onshore,onshore,1.61,9.88,25.609948000000006,7,21.250925999999993,28.030050000000006,638,2
jennettes_pier,2025-02-12 04:56:00,54.0,north_easterly_onshore,onshore,2.21,6.25,30.525625,8,28.030675,38.148068,637,1
jennettes_pier,2025-01-09 19:56:00,359.0,north_easterly_onshore,onshore,2.25,6.67,33.766875,8,28.030675,38.148068,637,2
jennettes_pier,2025-02-13 04:26:00,52.0,north_easterly_onshore,onshore,2.02,10.53,42.966612,9,38.241601,58.056768000000005,637,1
jennettes_pier,2025-12-26 13:26:00,54.0,north_easterly_onshore,onshore,2.15,10.53,48.674924999999995,9,38.241601,58.056768000000005,637,2
jennettes_pier,2025-08-23 16:56:00,47.0,north_easterly_onshore,onshore,2.22,14.29,70.42683600000001,10,58.056768000000005,376.06850099999997,638,1
jennettes_pier,2025-10-03 02:56:00,52.0,north_easterly_onshore,onshore,2.87,13.33,109.797877,10,58.056768000000005,376.06850099999997,638,2
jennettes_pier,2025-01-27 17:56:00,190.0,offshore,offshore,0.62,3.03,1.1647319999999999,1,0.9155029999999998,1.6425449999999997,21,1
jennettes_pier,2025-01-29 10:56:00,228.0,offshore,offshore,0.73,2.56,1.3642239999999999,1,0.9155029999999998,1.6425449999999997,21,2
jennettes_pier,2025-11-22 15:56:00,241.0,offshore,offshore,0.81,2.78,1.8239580000000002,2,1.6519359999999998,2.2080000000000006,20,1
jennettes_pier,2025-01-28 09:26:00,256.0,offshore,offshore,0.78,3.23,1.965132,2,1.6519359999999998,2.2080000000000006,20,2
jennettes_pier,2025-05-02 19:56:00,184.0,offshore,offshore,0.84,3.45,2.4343199999999996,3,2.2635450000000006,2.7467439999999996,20,1
jennettes_pier,2025-05-03 02:26:00,187.0,offshore,offshore,0.84,3.7,2.6107199999999997,3,2.2635450000000006,2.7467439999999996,20,2
jennettes_pier,2025-04-30 00:56:00,189.0,offshore,offshore,0.87,3.7,2.80053,4,2.7556,2.9970000000000003,20,1
jennettes_pier,2025-04-30 10:56:00,187.0,offshore,offshore,0.89,3.7,2.9307700000000003,4,2.7556,2.9970000000000003,20,2
jennettes_pier,2025-03-28 23:56:00,183.0,offshore,offshore,0.93,3.7,3.2001300000000006,5,3.0276,3.474625,20,1
jennettes_pier,2025-06-01 00:26:00,249.0,offshore,offshore,1.0,3.33,3.33,5,3.0276,3.474625,20,2
jennettes_pier,2025-05-31 23:56:00,227.0,offshore,offshore,1.01,3.57,3.6417569999999997,6,3.48133,3.8375630000000003,20,1
jennettes_pier,2025-11-05 20:56:00,189.0,offshore,offshore,1.0,3.7,3.7,6,3.48133,3.8375630000000003,20,2
jennettes_pier,2025-11-12 18:26:00,211.0,offshore,offshore,1.11,3.23,3.9796830000000005,7,3.85,4.477000000000001,20,1
jennettes_pier,2025-11-15 11:26:00,251.0,offshore,offshore,1.08,3.7,4.31568,7,3.85,4.477000000000001,20,2
jennettes_pier,2025-11-12 10:56:00,265.0,offshore,offshore,1.1,3.85,4.658500000000001,8,4.478208,5.00346,20,1
jennettes_pier,2025-12-11 03:56:00,220.0,offshore,offshore,1.21,3.33,4.875453,8,4.478208,5.00346,20,2
jennettes_pier,2025-11-12 12:56:00,224.0,offshore,offshore,1.16,3.85,5.18056,9,5.051145,5.73034,20,1
jennettes_pier,2025-11-12 14:56:00,220.0,offshore,offshore,1.14,4.17,5.419331999999999,9,5.051145,5.73034,20,2
jennettes_pier,2025-11-16 15:26:00,242.0,offshore,offshore,1.27,3.85,6.209665,10,5.78125,9.521999999999998,21,1
jennettes_pier,2025-07-01 22:26:00,180.0,offshore,offshore,1.2,4.55,6.552,10,5.78125,9.521999999999998,21,2
jennettes_pier,2025-02-23 11:56:00,71.0,south_easterly_onshore,onshore,0.47,8.33,1.8400969999999999,1,0.833976,2.426112,922,1
jennettes_pier,2025-07-25 16:26:00,94.0,south_easterly_onshore,onshore,0.58,6.25,2.1025,1,0.833976,2.426112,922,2
jennettes_pier,2025-05-20 00:26:00,131.0,south_easterly_onshore,onshore,0.57,8.33,2.7064169999999996,2,2.426112,3.2490250000000005,922,1
jennettes_pier,2025-06-21 07:56:00,72.0,south_easterly_onshore,onshore,0.55,9.88,2.9887000000000006,2,2.426112,3.2490250000000005,922,2
jennettes_pier,2025-08-30 12:26:00,109.0,south_easterly_onshore,onshore,0.65,8.33,3.5194250000000005,3,3.2512499999999998,4.268800000000001,922,1
jennettes_pier,2025-04-23 07:26:00,154.0,south_easterly_onshore,onshore,0.88,5.0,3.872,3,3.2512499999999998,4.268800000000001,922,2
jennettes_pier,2025-07-25 10:26:00,96.0,south_easterly_onshore,onshore,0.84,6.67,4.706351999999999,4,4.281095,5.611436999999999,922,1
jennettes_pier,2025-05-30 03:26:00,117.0,south_easterly_onshore,onshore,0.88,6.67,5.165248,4,4.281095,5.611436999999999,922,2
jennettes_pier,2025-05-16 00:26:00,120.0,south_easterly_onshore,onshore,0.92,7.14,6.043296,5,5.618,7.043075000000002,922,1
jennettes_pier,2025-08-17 20:26:00,80.0,south_easterly_onshore,onshore,0.92,7.69,6.508816,5,5.618,7.043075000000002,922,2
jennettes_pier,2025-08-28 03:26:00,75.0,south_easterly_onshore,onshore,0.85,10.53,7.607924999999999,6,7.050512,8.800231,922,1
jennettes_pier,2025-08-27 17:26:00,111.0,south_easterly_onshore,onshore,0.91,9.88,8.181628000000002,6,7.050512,8.800231,922,2
jennettes_pier,2025-05-29 17:56:00,104.0,south_easterly_onshore,onshore,1.07,8.33,9.537017,7,8.804281000000001,11.798563000000001,922,1
jennettes_pier,2025-05-09 09:26:00,121.0,south_easterly_onshore,onshore,1.03,9.88,10.481692,7,8.804281000000001,11.798563000000001,922,2
jennettes_pier,2025-04-11 17:26:00,92.0,south_easterly_onshore,onshore,1.27,8.33,13.435457,8,11.798563000000001,18.006300000000003,922,1
jennettes_pier,2025-09-04 09:26:00,75.0,south_easterly_onshore,onshore,1.18,11.11,15.469563999999998,8,11.798563000000001,18.006300000000003,922,2
jennettes_pier,2025-02-06 18:56:00,142.0,south_easterly_onshore,onshore,1.67,7.69,21.446641,9,18.0075,32.72651200000001,922,1
jennettes_pier,2025-03-06 19:26:00,134.0,south_easterly_onshore,onshore,1.53,11.11,26.007399,9,18.0075,32.72651200000001,922,2
jennettes_pier,2025-10-30 22:26:00,69.0,south_easterly_onshore,onshore,1.99,11.11,43.996711,10,32.86782399999999,388.89276300000006,922,1
jennettes_pier,2025-12-19 19:56:00,134.0,south_easterly_onshore,onshore,2.67,11.11,79.202079,10,32.86782399999999,388.89276300000006,922,2
seabright,2025-12-30 12:56:00,307.0,offshore,offshore,0.74,8.33,4.561508,1,1.5826999999999998,6.375625,178,1
seabright,2025-08-06 15:26:00,306.0,offshore,offshore,0.97,5.88,5.5324919999999995,1,1.5826999999999998,6.375625,178,2
seabright,2025-08-02 19:26:00,306.0,offshore,offshore,1.0,7.14,7.14,2,6.375625,8.666532,178,1
seabright,2025-08-21 13:56:00,301.0,offshore,offshore,1.06,7.14,8.022504000000001,2,6.375625,8.666532,178,2
seabright,2025-08-18 20:26:00,304.0,offshore,offshore,0.97,9.88,9.296092,3,8.666532,10.320452999999999,177,1
seabright,2025-04-19 13:56:00,300.0,offshore,offshore,1.04,9.09,9.831744,3,8.666532,10.320452999999999,177,2
seabright,2025-09-25 05:26:00,301.0,offshore,offshore,0.99,11.11,10.888910999999998,4,10.320452999999999,12.510693000000002,178,1
seabright,2025-10-11 10:56:00,301.0,offshore,offshore,1.09,9.88,11.738428000000003,4,10.320452999999999,12.510693000000002,178,2
seabright,2025-10-09 03:56:00,301.0,offshore,offshore,1.0,13.33,13.33,5,12.599296,14.911532999999999,177,1
seabright,2025-12-29 14:26:00,303.0,offshore,offshore,1.16,10.53,14.169167999999997,5,12.599296,14.911532999999999,177,2
seabright,2025-05-17 08:26:00,303.0,offshore,offshore,1.38,8.33,15.863651999999997,6,14.947452,18.071828999999997,178,1
seabright,2025-08-15 17:26:00,308.0,offshore,offshore,1.48,7.69,16.844176,6,14.947452,18.071828999999997,178,2
seabright,2025-07-12 06:56:00,300.0,offshore,offshore,1.46,9.09,19.376243999999996,7,18.071828999999997,22.111250000000002,177,1
seabright,2025-12-28 15:56:00,308.0,offshore,offshore,1.44,9.88,20.487168,7,18.071828999999997,22.111250000000002,177,2
seabright,2025-07-03 14:26:00,301.0,offshore,offshore,1.68,8.33,23.510591999999995,8,22.121424,26.891855999999997,178,1
seabright,2025-04-24 04:26:00,303.0,offshore,offshore,1.6,9.88,25.292800000000007,8,22.121424,26.891855999999997,178,2
seabright,2025-04-22 00:26:00,303.0,offshore,offshore,1.66,10.53,29.016467999999996,9,26.891855999999997,34.445,177,1
seabright,2025-05-08 21:26:00,300.0,offshore,offshore,1.58,12.5,31.205000000000005,9,26.891855999999997,34.445,177,2
seabright,2025-03-30 07:56:00,301.0,offshore,offshore,1.82,11.76,38.953824000000004,10,34.445,137.54966399999998,178,1
seabright,2025-12-24 23:56:00,301.0,offshore,offshore,1.92,13.33,49.139711999999996,10,34.445,137.54966399999998,178,2
seabright,2025-07-24 02:56:00,190.0,south_easterly_onshore,onshore,0.57,15.38,4.996962,1,4.996962,4.996962,1,1
seabright,2025-07-26 01:26:00,193.0,south_easterly_onshore,onshore,0.9,14.29,11.5749,2,11.5749,11.5749,1,1
seabright,2025-12-24 10:56:00,171.0,south_easterly_onshore,onshore,2.15,4.17,19.275824999999998,3,19.275824999999998,19.275824999999998,1,1
seabright,2025-11-27 16:26:00,279.0,south_westerly_onshore,onshore,0.67,11.11,4.987279000000001,1,1.86368,6.759324,651,1
seabright,2025-09-09 00:26:00,258.0,south_westerly_onshore,onshore,0.75,10.53,5.923125,1,1.86368,6.759324,651,2
seabright,2025-12-15 15:26:00,277.0,south_westerly_onshore,onshore,0.85,10.53,7.607924999999999,2,6.759324,9.630925,651,1
seabright,2025-05-29 20:56:00,282.0,south_westerly_onshore,onshore,0.9,10.53,8.5293,2,6.759324,9.630925,651,2
seabright,2025-09-17 21:26:00,280.0,south_westerly_onshore,onshore,1.01,10.53,10.741653,3,9.630925,13.066299999999998,651,1
seabright,2025-07-05 10:56:00,235.0,south_westerly_onshore,onshore,0.88,15.38,11.910272,3,9.630925,13.066299999999998,651,2
seabright,2025-06-11 17:26:00,282.0,south_westerly_onshore,onshore,1.14,11.11,14.438555999999998,4,13.066299999999998,17.082736,651,1
seabright,2025-05-26 17:26:00,283.0,south_westerly_onshore,onshore,1.19,11.11,15.732870999999998,4,13.066299999999998,17.082736,651,2
seabright,2025-10-17 23:56:00,276.0,south_westerly_onshore,onshore,1.21,12.5,18.30125,5,17.082736,21.499957,651,1
seabright,2025-12-08 17:26:00,275.0,south_westerly_onshore,onshore,1.26,12.5,19.845000000000002,5,17.082736,21.499957,651,2
seabright,2025-06-11 11:26:00,237.0,south_westerly_onshore,onshore,1.18,16.67,23.211308,6,21.499957,27.011249999999997,651,1
seabright,2025-02-02 10:26:00,284.0,south_westerly_onshore,onshore,1.5,11.11,24.9975,6,21.499957,27.011249999999997,651,2
seabright,2025-04-01 08:26:00,275.0,south_westerly_onshore,onshore,1.8,9.09,29.451600000000003,7,27.011249999999997,36.126549000000004,651,1
seabright,2025-02-06 21:26:00,204.0,south_westerly_onshore,onshore,2.22,6.67,32.872428000000006,7,27.011249999999997,36.126549000000004,651,2
seabright,2025-02-23 15:26:00,277.0,south_westerly_onshore,onshore,1.73,13.33,39.895357000000004,8,36.126549000000004,48.51125,651,1
seabright,2025-03-10 15:56:00,282.0,south_westerly_onshore,onshore,1.75,14.29,43.763124999999995,8,36.126549000000004,48.51125,651,2
seabright,2025-03-31 10:26:00,253.0,south_westerly_onshore,onshore,2.33,9.88,53.63753200000001,9,48.51125,70.5157,651,1
seabright,2025-03-25 17:56:00,280.0,south_westerly_onshore,onshore,1.83,18.18,60.883002000000005,9,48.51125,70.5157,651,2
seabright,2025-03-18 23:56:00,280.0,south_westerly_onshore,onshore,2.72,12.5,92.48000000000002,10,70.5157,454.230828,651,1
seabright,2025-02-15 10:26:00,279.0,south_westerly_onshore,onshore,3.25,13.33,140.798125,10,70.5157,454.230828,651,2
