location,direction_group,final_plot_group,sea_state_bin,n_json_files,n_usable_curves,n_baseline_samples,baseline_mode,baseline_source,baseline_x,baseline_coordinate_min,baseline_coordinate_max,curve_boxplot_variance,central_band_area,outlier_count,plot_path,H_mean,H_min,H_max,T_mean,T_min,T_max,sea_state_mean,sea_state_min,sea_state_max,direction_degrees_mean,direction_degrees_min,direction_degrees_max,sea_state_bin_mean,sea_state_bin_min,sea_state_bin_max,metadata_rows_matched,sea_state_for_plot,curves_csv,shoreline_variance,variance_window_position,variance_center_y,variance_window_y_min,variance_window_y_max,variance_window_samples,variance_curve_count,included_in_correlation,cleanup_reason
seabright,offshore,offshore,1,2802,2801,198,polyline,C:\Users\monaz\Documents\GitHub\sam2_realtime\save_predict\shoreline_jsons\baseline\walton_lighthouse-2025-07-26_012153Z_000701.json,,187.8653677085541,1282.8520823526983,109.17853183836256,21438.103802320755,272,C:\Users\monaz\Documents\GitHub\sam2_realtime\save_predict\shoreline_jsons\curve_boxplot_outputs\seabright\offshore\bin_1\curve_boxplot.png,0.74,0.74,0.74,8.33,8.33,8.33,4.561508,4.561508,4.561508,307.0,307.0,307.0,1.0,1.0,1.0,1,4.561508,C:\Users\monaz\Documents\GitHub\sam2_realtime\save_predict\shoreline_jsons\curve_boxplot_outputs\seabright\offshore\bin_1\curves.csv,949.9953452051043,right,1149.0,1014.0,1283.0,51,2801,True,
seabright,offshore,offshore,10,1151,632,238,polyline,C:\Users\monaz\Documents\GitHub\sam2_realtime\save_predict\shoreline_jsons\baseline\walton_lighthouse-2025-07-26_012153Z_000701.json,,10.735163869060235,1282.8520823526983,448.988118308379,65182.73907376437,0,C:\Users\monaz\Documents\GitHub\sam2_realtime\save_predict\shoreline_jsons\curve_boxplot_outputs\seabright\offshore\bin_10\curve_boxplot.png,1.82,1.82,1.82,11.76,11.76,11.76,38.953824,38.953824,38.953824,301.0,301.0,301.0,10.0,10.0,10.0,1,38.953824,C:\Users\monaz\Documents\GitHub\sam2_realtime\save_predict\shoreline_jsons\curve_boxplot_outputs\seabright\offshore\bin_10\curves.csv,1529.2932531141814,right,1124.5,966.0,1283.0,60,632,True,
seabright,offshore,offshore,2,1027,1020,236,polyline,C:\Users\monaz\Documents\GitHub\sam2_realtime\save_predict\shoreline_jsons\baseline\walton_lighthouse-2025-07-26_012153Z_000701.json,,21.470327738120474,1282.8520823526983,211.0376437151662,34362.4570686606,4,C:\Users\monaz\Documents\GitHub\sam2_realtime\save_predict\shoreline_jsons\curve_boxplot_outputs\seabright\offshore\bin_2\curve_boxplot.png,1.03,1.0,1.06,7.14,7.14,7.14,7.581252000000001,7.14,8.022504000000001,303.5,301.0,306.0,2.0,2.0,2.0,2,7.581252000000001,C:\Users\monaz\Documents\GitHub\sam2_realtime\save_predict\shoreline_jsons\curve_boxplot_outputs\seabright\offshore\bin_2\curves.csv,652.239209007682,right,1127.0,972.0,1283.0,59,1020,True,
seabright,offshore,offshore,3,3896,3887,240,polyline,C:\Users\monaz\Documents\GitHub\sam2_realtime\save_predict\shoreline_jsons\baseline\walton_lighthouse-2025-07-26_012153Z_000701.json,,0.0,1282.8520823526983,408.0823401808894,139494.257108276,7,C:\Users\monaz\Documents\GitHub\sam2_realtime\save_predict\shoreline_jsons\curve_boxplot_outputs\seabright\offshore\bin_3\curve_boxplot.png,1.005,0.97,1.04,9.485,9.09,9.88,9.563918,9.296092,9.831744,302.0,300.0,304.0,3.0,3.0,3.0,2,9.563918,C:\Users\monaz\Documents\GitHub\sam2_realtime\save_predict\shoreline_jsons\curve_boxplot_outputs\seabright\offshore\bin_3\curves.csv,1166.7601645872253,right,1124.5,966.0,1283.0,60,3887,True,
seabright,offshore,offshore,4,3987,3975,237,polyline,C:\Users\monaz\Documents\GitHub\sam2_realtime\save_predict\shoreline_jsons\baseline\walton_lighthouse-2025-07-26_012153Z_000701.json,,16.102745803590356,1282.8520823526983,82.42826619737117,24973.15829820284,0,C:\Users\monaz\Documents\GitHub\sam2_realtime\save_predict\shoreline_jsons\curve_boxplot_outputs\seabright\offshore\bin_4\curve_boxplot.png,1.04,0.99,1.09,10.495,9.88,11.11,11.3136695,10.888910999999998,11.738428000000004,301.0,301.0,301.0,4.0,4.0,4.0,2,11.3136695,C:\Users\monaz\Documents\GitHub\sam2_realtime\save_predict\shoreline_jsons\curve_boxplot_outputs\seabright\offshore\bin_4\curves.csv,255.32905199503216,right,1127.0,972.0,1283.0,59,3975,True,
seabright,offshore,offshore,5,116,116,238,polyline,C:\Users\monaz\Documents\GitHub\sam2_realtime\save_predict\shoreline_jsons\baseline\walton_lighthouse-2025-07-26_012153Z_000701.json,,10.735163869060235,1282.8520823526983,10.528188296158389,7790.736107964758,6,C:\Users\monaz\Documents\GitHub\sam2_realtime\save_predict\shoreline_jsons\curve_boxplot_outputs\seabright\offshore\bin_5\curve_boxplot.png,1.0,1.0,1.0,13.33,13.33,13.33,13.33,13.33,13.33,301.0,301.0,301.0,5.0,5.0,5.0,1,13.33,C:\Users\monaz\Documents\GitHub\sam2_realtime\save_predict\shoreline_jsons\curve_boxplot_outputs\seabright\offshore\bin_5\curves.csv,37.775472801921964,right,1124.5,966.0,1283.0,60,116,True,
seabright,offshore,offshore,6,3070,3059,240,polyline,C:\Users\monaz\Documents\GitHub\sam2_realtime\save_predict\shoreline_jsons\baseline\walton_lighthouse-2025-07-26_012153Z_000701.json,,0.0,1282.8520823526983,113.0632005222124,33670.21783730555,71,C:\Users\monaz\Documents\GitHub\sam2_realtime\save_predict\shoreline_jsons\curve_boxplot_outputs\seabright\offshore\bin_6\curve_boxplot.png,1.43,1.38,1.48,8.01,7.69,8.33,16.353914,15.863651999999997,16.844176,305.5,303.0,308.0,6.0,6.0,6.0,2,16.353914,C:\Users\monaz\Documents\GitHub\sam2_realtime\save_predict\shoreline_jsons\curve_boxplot_outputs\seabright\offshore\bin_6\curves.csv,526.4072177076202,right,1124.5,966.0,1283.0,60,3059,True,
seabright,offshore,offshore,9,4803,4736,240,polyline,C:\Users\monaz\Documents\GitHub\sam2_realtime\save_predict\shoreline_jsons\baseline\walton_lighthouse-2025-07-26_012153Z_000701.json,,0.0,1282.8520823526983,799.8959687754955,102827.66669168632,0,C:\Users\monaz\Documents\GitHub\sam2_realtime\save_predict\shoreline_jsons\curve_boxplot_outputs\seabright\offshore\bin_9\curve_boxplot.png,1.62,1.58,1.66,11.515,10.53,12.5,30.110734,29.016468,31.205000000000005,301.5,300.0,303.0,9.0,9.0,9.0,2,30.110734,C:\Users\monaz\Documents\GitHub\sam2_realtime\save_predict\shoreline_jsons\curve_boxplot_outputs\seabright\offshore\bin_9\curves.csv,2503.8583289880607,right,1124.5,966.0,1283.0,60,4736,True,
seabright,south_easterly_onshore,onshore,2,353,353,240,polyline,C:\Users\monaz\Documents\GitHub\sam2_realtime\save_predict\shoreline_jsons\baseline\walton_lighthouse-2025-07-26_012153Z_000701.json,,0.0,1282.8520823526983,112.3309069869865,39051.39692387071,0,C:\Users\monaz\Documents\GitHub\sam2_realtime\save_predict\shoreline_jsons\curve_boxplot_outputs\seabright\south_easterly_onshore\bin_2\curve_boxplot.png,0.9,0.9,0.9,14.29,14.29,14.29,11.5749,11.5749,11.5749,193.0,193.0,193.0,2.0,2.0,2.0,1,11.5749,C:\Users\monaz\Documents\GitHub\sam2_realtime\save_predict\shoreline_jsons\curve_boxplot_outputs\seabright\south_easterly_onshore\bin_2\curves.csv,314.1523477348008,right,1124.5,966.0,1283.0,60,353,True,
seabright,south_westerly_onshore,onshore,1,202,194,109,polyline,C:\Users\monaz\Documents\GitHub\sam2_realtime\save_predict\shoreline_jsons\baseline\walton_lighthouse-2025-07-26_012153Z_000701.json,,703.1532334234455,1282.8520823526983,282.7506170685348,19672.21491957985,7,C:\Users\monaz\Documents\GitHub\sam2_realtime\save_predict\shoreline_jsons\curve_boxplot_outputs\seabright\south_westerly_onshore\bin_1\curve_boxplot.png,0.75,0.75,0.75,10.53,10.53,10.53,5.923125,5.923125,5.923125,258.0,258.0,258.0,1.0,1.0,1.0,1,5.923125,C:\Users\monaz\Documents\GitHub\sam2_realtime\save_predict\shoreline_jsons\curve_boxplot_outputs\seabright\south_westerly_onshore\bin_1\curves.csv,209.68529956385063,right,1210.5,1138.0,1283.0,28,194,True,
seabright,south_westerly_onshore,onshore,10,3126,2986,240,polyline,C:\Users\monaz\Documents\GitHub\sam2_realtime\save_predict\shoreline_jsons\baseline\walton_lighthouse-2025-07-26_012153Z_000701.json,,0.0,1282.8520823526983,292.8861398103372,73687.37516089466,11,C:\Users\monaz\Documents\GitHub\sam2_realtime\save_predict\shoreline_jsons\curve_boxplot_outputs\seabright\south_westerly_onshore\bin_10\curve_boxplot.png,2.72,2.72,2.72,12.5,12.5,12.5,92.48000000000002,92.48000000000002,92.48000000000002,280.0,280.0,280.0,10.0,10.0,10.0,1,92.48000000000002,C:\Users\monaz\Documents\GitHub\sam2_realtime\save_predict\shoreline_jsons\curve_boxplot_outputs\seabright\south_westerly_onshore\bin_10\curves.csv,899.72214461623,right,1124.5,966.0,1283.0,60,2986,True,
seabright,south_westerly_onshore,onshore,3,2777,2763,238,polyline,C:\Users\monaz\Documents\GitHub\sam2_realtime\save_predict\shoreline_jsons\baseline\walton_lighthouse-2025-07-26_012153Z_000701.json,,10.735163869060235,1282.8520823526983,565.3053719836213,70736.8643189763,0,C:\Users\monaz\Documents\GitHub\sam2_realtime\save_predict\shoreline_jsons\curve_boxplot_outputs\seabright\south_westerly_onshore\bin_3\curve_boxplot.png,0.88,0.88,0.88,15.38,15.38,15.38,11.910272,11.910272,11.910272,235.0,235.0,235.0,3.0,3.0,3.0,1,11.910272,C:\Users\monaz\Documents\GitHub\sam2_realtime\save_predict\shoreline_jsons\curve_boxplot_outputs\seabright\south_westerly_onshore\bin_3\curves.csv,1545.681635988657,right,1124.5,966.0,1283.0,60,2763,True,
seabright,south_westerly_onshore,onshore,5,175,174,207,polyline,C:\Users\monaz\Documents\GitHub\sam2_realtime\save_predict\shoreline_jsons\baseline\walton_lighthouse-2025-07-26_012153Z_000701.json,,0.0,1282.8520823526983,4.1639043285672175,6642.228306565576,1,C:\Users\monaz\Documents\GitHub\sam2_realtime\save_predict\shoreline_jsons\curve_boxplot_outputs\seabright\south_westerly_onshore\bin_5\curve_boxplot.png,1.26,1.26,1.26,12.5,12.5,12.5,19.845,19.845,19.845,275.0,275.0,275.0,5.0,5.0,5.0,1,19.845,C:\Users\monaz\Documents\GitHub\sam2_realtime\save_predict\shoreline_jsons\curve_boxplot_outputs\seabright\south_westerly_onshore\bin_5\curves.csv,115.51426295386554,right,1167.5,1052.0,1283.0,44,174,True,
seabright,south_westerly_onshore,onshore,6,3000,2622,240,polyline,C:\Users\monaz\Documents\GitHub\sam2_realtime\save_predict\shoreline_jsons\baseline\walton_lighthouse-2025-07-26_012153Z_000701.json,,0.0,1282.8520823526983,108.14887902933484,56875.449132276684,9,C:\Users\monaz\Documents\GitHub\sam2_realtime\save_predict\shoreline_jsons\curve_boxplot_outputs\seabright\south_westerly_onshore\bin_6\curve_boxplot.png,1.18,1.18,1.18,16.67,16.67,16.67,23.211308,23.211308,23.211308,237.0,237.0,237.0,6.0,6.0,6.0,1,23.211308,C:\Users\monaz\Documents\GitHub\sam2_realtime\save_predict\shoreline_jsons\curve_boxplot_outputs\seabright\south_westerly_onshore\bin_6\curves.csv,216.08666668047394,right,1124.5,966.0,1283.0,60,2622,True,
seabright,south_westerly_onshore,onshore,7,3579,2162,235,polyline,C:\Users\monaz\Documents\GitHub\sam2_realtime\save_predict\shoreline_jsons\baseline\walton_lighthouse-2025-07-26_012153Z_000701.json,,0.0,1256.0141726800475,1093.894603666552,126646.23651552486,0,C:\Users\monaz\Documents\GitHub\sam2_realtime\save_predict\shoreline_jsons\curve_boxplot_outputs\seabright\south_westerly_onshore\bin_7\curve_boxplot.png,2.01,1.8,2.22,7.88,6.67,9.09,31.162014000000006,29.451600000000003,32.872428000000006,239.5,204.0,275.0,7.0,7.0,7.0,2,31.162014000000006,C:\Users\monaz\Documents\GitHub\sam2_realtime\save_predict\shoreline_jsons\curve_boxplot_outputs\seabright\south_westerly_onshore\bin_7\curves.csv,462.4661926082153,right,1100.0,945.0,1256.0,59,2162,True,
seabright,south_westerly_onshore,onshore,8,3805,3606,240,polyline,C:\Users\monaz\Documents\GitHub\sam2_realtime\save_predict\shoreline_jsons\baseline\walton_lighthouse-2025-07-26_012153Z_000701.json,,0.0,1282.8520823526983,489.1970158065512,94393.43900855276,1,C:\Users\monaz\Documents\GitHub\sam2_realtime\save_predict\shoreline_jsons\curve_boxplot_outputs\seabright\south_westerly_onshore\bin_8\curve_boxplot.png,1.74,1.73,1.75,13.81,13.33,14.29,41.829241,39.895357,43.763125,279.5,277.0,282.0,8.0,8.0,8.0,2,41.829241,C:\Users\monaz\Documents\GitHub\sam2_realtime\save_predict\shoreline_jsons\curve_boxplot_outputs\seabright\south_westerly_onshore\bin_8\curves.csv,1636.3473158922498,right,1124.5,966.0,1283.0,60,3606,True,
seabright,south_westerly_onshore,onshore,9,2676,2604,240,polyline,C:\Users\monaz\Documents\GitHub\sam2_realtime\save_predict\shoreline_jsons\baseline\walton_lighthouse-2025-07-26_012153Z_000701.json,,0.0,1282.8520823526983,306.32741333676023,66999.86411653264,0,C:\Users\monaz\Documents\GitHub\sam2_realtime\save_predict\shoreline_jsons\curve_boxplot_outputs\seabright\south_westerly_onshore\bin_9\curve_boxplot.png,1.83,1.83,1.83,18.18,18.18,18.18,60.883002000000005,60.883002000000005,60.883002000000005,280.0,280.0,280.0,9.0,9.0,9.0,1,60.883002000000005,C:\Users\monaz\Documents\GitHub\sam2_realtime\save_predict\shoreline_jsons\curve_boxplot_outputs\seabright\south_westerly_onshore\bin_9\curves.csv,1009.8010941356339,right,1124.5,966.0,1283.0,60,2604,True,
